,block_range,total_blocks,avg_FTDS,avg_FTDS_scaled,final_drift
0,0-4,5,0.48499817099537224,0.000464587262601952,PSEUDO_DRIFT
1,5-9,5,0.6690097664165657,0.0006899001670245897,PSEUDO_DRIFT
2,10-14,5,0.5188920599265202,0.0005060886176647955,PSEUDO_DRIFT
3,15-19,5,0.40300926327249764,0.0003641959862413709,PSEUDO_DRIFT
4,20-24,5,0.8213293738980052,0.0008764078329333791,PSEUDO_DRIFT
5,25-29,5,0.591049345346572,0.0005944415690971843,PSEUDO_DRIFT
6,30-34,5,1.0010057099624081,0.0010964124312415671,PSEUDO_DRIFT
7,35-39,5,0.5099409431293676,0.0004951284272551838,PSEUDO_DRIFT
8,40-44,5,0.33968874549318934,0.00028666321045218806,PSEUDO_DRIFT
9,45-49,5,0.6745120800654106,0.0006966374721733651,PSEUDO_DRIFT
10,50-54,5,0.5518072959507003,0.0005463916616734587,PSEUDO_DRIFT
11,55-59,5,0.5208518731716353,0.0005084883099959886,PSEUDO_DRIFT
12,60-64,5,0.8032400964617608,0.0008542584263770261,PSEUDO_DRIFT
13,65-69,5,0.7584405845961786,0.0007994036868588655,PSEUDO_DRIFT
14,70-74,5,0.698561575324459,0.0007260848644114007,PSEUDO_DRIFT
15,75-79,5,0.5555248653965197,0.0005509436376905849,PSEUDO_DRIFT
16,80-84,5,0.6269216004662311,0.0006383653336333259,PSEUDO_DRIFT
17,85-89,5,0.6355472325475974,0.0006489269844482389,PSEUDO_DRIFT
18,90-94,5,0.4755283323234358,0.0004529919234565905,PSEUDO_DRIFT
19,95-99,5,0.8330634549646657,0.0008907756225273355,PSEUDO_DRIFT
20,100-104,5,428.6335674856832,0.5247108851976867,REAL_DRIFT
21,105-109,5,400.44504178849627,0.4901954592448403,REAL_DRIFT
22,110-114,5,413.0327962688839,0.5056085288160449,REAL_DRIFT
23,115-119,5,411.1958235639082,0.5033592485217471,REAL_DRIFT
24,120-124,5,418.77567032927755,0.5126403880383887,REAL_DRIFT
25,125-129,5,424.8629005883492,0.5200938940330595,REAL_DRIFT
26,130-134,5,395.91501109150033,0.48464866546193985,REAL_DRIFT
27,135-139,5,424.4564096720951,0.519596166437399,REAL_DRIFT
28,140-144,5,408.5456906865725,0.5001142946679876,REAL_DRIFT
29,145-149,5,424.94004142860103,0.5201883490956709,REAL_DRIFT
30,150-154,5,415.7030030879446,0.5088780621975395,REAL_DRIFT
31,155-159,5,423.1821483124898,0.5180358977637373,REAL_DRIFT
32,160-164,5,406.3684897106837,0.4974484220404151,REAL_DRIFT
33,165-169,5,409.46432615671483,0.5012391174021728,REAL_DRIFT
34,170-174,5,408.326510632736,0.4998459197625456,REAL_DRIFT
35,175-179,5,416.5495796325651,0.5099146524170196,REAL_DRIFT
36,180-184,5,419.33357836864815,0.5133235182534364,REAL_DRIFT
37,185-189,5,420.7070202514027,0.5150052284682236,REAL_DRIFT
38,190-194,5,405.4232290422272,0.49629099809569627,REAL_DRIFT
39,195-199,5,408.8796851807989,0.500523254056569,REAL_DRIFT
40,200-204,5,0.40796974748425024,0.0003702698486114805,PSEUDO_DRIFT
41,205-209,5,0.4682136789829826,0.0004440354998942064,PSEUDO_DRIFT
42,210-214,5,0.8658481176201981,0.0009309187860411692,PSEUDO_DRIFT
43,215-219,5,0.8616081243104435,0.0009257271283895594,PSEUDO_DRIFT
44,220-224,5,0.7251306806934706,0.0007586173919670725,PSEUDO_DRIFT
45,225-229,5,0.6730291375439404,0.0006948216839571958,PSEUDO_DRIFT
46,230-234,5,0.6237408513094432,0.0006344706669460699,PSEUDO_DRIFT
47,235-239,5,0.6329092618949549,0.0006456969226243192,PSEUDO_DRIFT
48,240-244,5,0.5417837391525737,0.000534118322650112,PSEUDO_DRIFT
49,245-249,5,0.6070848026833717,0.0006140761766773733,PSEUDO_DRIFT
50,250-254,5,0.8639419245443886,0.0009285847488990104,PSEUDO_DRIFT
51,255-259,5,0.5314206104085756,0.000521429194930354,PSEUDO_DRIFT
52,260-264,5,0.34516921784835164,0.0002933737720400225,PSEUDO_DRIFT
53,265-269,5,0.7805163944311566,0.0008264344009832421,PSEUDO_DRIFT
54,270-274,5,0.3227039871990922,0.0002658662317976639,PSEUDO_DRIFT
55,275-279,5,0.4980964987662997,0.00048062550337907355,PSEUDO_DRIFT
56,280-284,5,0.36665186384649895,0.0003196781870060829,PSEUDO_DRIFT
57,285-289,5,0.5804208530915236,0.0005814275171612884,PSEUDO_DRIFT
58,290-294,5,0.38886350009085835,0.0003468752137083434,PSEUDO_DRIFT
59,295-299,5,0.45083270063741115,0.0004227533697991775,PSEUDO_DRIFT
60,300-304,5,0.38257885542341064,0.00033917998374174426,PSEUDO_DRIFT
61,305-309,5,0.5280974800708608,0.0005173601896785292,PSEUDO_DRIFT
62,310-314,5,0.5559580825159284,0.0005514740901721045,PSEUDO_DRIFT
63,315-319,5,0.28106979502593565,0.00021488726636696834,PSEUDO_DRIFT
64,320-324,5,0.37127677419137967,0.00032534115612557887,PSEUDO_DRIFT
65,325-329,5,0.7348116255549375,0.0007704712199788332,PSEUDO_DRIFT
66,330-334,5,0.7318398974041063,0.00076683248895601,PSEUDO_DRIFT
67,335-339,5,0.4317963549377886,0.0003994443259894234,PSEUDO_DRIFT
68,340-344,5,0.4687221262158735,0.00044465806784991634,PSEUDO_DRIFT
69,345-349,5,0.7563866693161643,0.0007968887713389018,PSEUDO_DRIFT
70,350-354,5,0.5839845177172979,0.0005857910444997886,PSEUDO_DRIFT
71,355-359,5,0.5708423845542553,0.0005696991662325719,PSEUDO_DRIFT
72,360-364,5,0.9294706273141292,0.0010088213356766146,PSEUDO_DRIFT
73,365-369,5,0.48757048877867265,0.0004677369358033979,PSEUDO_DRIFT
74,370-374,5,0.5225589227579197,0.0005105785059936853,PSEUDO_DRIFT
75,375-379,5,0.546524663397009,0.0005399233449299111,PSEUDO_DRIFT
76,380-384,5,0.5825273262986236,0.0005840067872083406,PSEUDO_DRIFT
77,385-389,5,0.5246225010924215,0.0005131052534358019,PSEUDO_DRIFT
78,390-394,5,0.6639205653468083,0.0006836686973631631,PSEUDO_DRIFT
79,395-399,5,0.7366119526383346,0.0007726756295604275,PSEUDO_DRIFT
80,400-404,5,0.6751987874522734,0.0006974783106839401,PSEUDO_DRIFT
81,405-409,5,0.4406825446780173,0.00041032501649720737,PSEUDO_DRIFT
82,410-414,5,0.5126475859184756,0.0004984425746416713,PSEUDO_DRIFT
83,415-419,5,0.46833016485112317,0.00044417813095620474,PSEUDO_DRIFT
84,420-424,5,0.31504991186408865,0.00025649420314668726,PSEUDO_DRIFT
85,425-429,5,0.7035242082189826,0.0007321613577350366,PSEUDO_DRIFT
86,430-434,5,0.6900443103389035,0.0007156559036318362,PSEUDO_DRIFT
87,435-439,5,0.7822580444740018,0.0008285669634923766,PSEUDO_DRIFT
88,440-444,5,0.42782127298520206,0.0003945770389143604,PSEUDO_DRIFT
89,445-449,5,0.4203837068748979,0.00038547011487344757,PSEUDO_DRIFT
90,450-454,5,0.31187249229857195,0.0002526036133757699,PSEUDO_DRIFT
91,455-459,5,0.594830246965405,0.0005990710921613455,PSEUDO_DRIFT
92,460-464,5,0.5797754999226629,0.0005806373148019127,PSEUDO_DRIFT
93,465-469,5,0.6723909276541795,0.0006940402281822804,PSEUDO_DRIFT
94,470-474,5,0.7489665469102895,0.0007878032062330053,PSEUDO_DRIFT
95,475-479,5,0.5430351076312955,0.0005356505601474195,PSEUDO_DRIFT
96,480-484,5,0.5128910933598936,0.000498740737204464,PSEUDO_DRIFT
97,485-489,5,0.577892757731638,0.000578331992083701,PSEUDO_DRIFT
98,490-494,5,0.5593239824585469,0.0005555954646449004,PSEUDO_DRIFT
99,495-499,5,0.5061300991288538,0.0004904622412570025,PSEUDO_DRIFT
100,500-504,5,0.5843880924249283,0.0005862852013452831,PSEUDO_DRIFT
101,505-509,5,0.42294883589432664,0.0003886109857966269,PSEUDO_DRIFT
102,510-514,5,0.5892491926979482,0.0005922373731021594,PSEUDO_DRIFT
103,515-519,5,0.7103175763547742,0.0007404794938937056,PSEUDO_DRIFT
104,520-524,5,0.4001112794977444,0.00036064755148232895,PSEUDO_DRIFT
105,525-529,5,0.7291574327668814,0.0007635479464952985,PSEUDO_DRIFT
106,530-534,5,0.6225965527454431,0.0006330695311513861,PSEUDO_DRIFT
107,535-539,5,0.5864641885590611,0.0005888272762007909,PSEUDO_DRIFT
108,540-544,5,0.4116474039876503,0.0003747729532465617,PSEUDO_DRIFT
109,545-549,5,0.7831463494534456,0.0008296546480726523,PSEUDO_DRIFT
110,550-554,5,0.5214856513999819,0.0005092643394253392,PSEUDO_DRIFT
111,555-559,5,0.46241975871836943,0.00043694113717306874,PSEUDO_DRIFT
112,560-564,5,0.4937112710038537,0.0004752560134757341,PSEUDO_DRIFT
113,565-569,5,0.5490687807033183,0.0005430384880716484,PSEUDO_DRIFT
114,570-574,5,0.50239666731258,0.0004858908425684412,PSEUDO_DRIFT
115,575-579,5,0.8695571129069719,0.0009354602634336132,PSEUDO_DRIFT
116,580-584,5,0.564410166143234,0.0005618232396707122,PSEUDO_DRIFT
117,585-589,5,0.6795822792186843,0.0007028456749478174,PSEUDO_DRIFT
118,590-594,5,0.49039717962234486,0.0004711980759692383,PSEUDO_DRIFT
119,595-599,5,0.6319720508281068,0.0006445493550101957,PSEUDO_DRIFT
120,600-604,5,0.5992069515007066,0.000604430145803543,PSEUDO_DRIFT
121,605-609,5,0.5386245654558446,0.0005302500740239515,PSEUDO_DRIFT
122,610-614,5,0.41918819824453424,0.0003840062749390509,PSEUDO_DRIFT
123,615-619,5,0.4569096442246227,0.0004301942802837211,PSEUDO_DRIFT
124,620-624,5,0.6711688327346679,0.0006925438346796587,PSEUDO_DRIFT
125,625-629,5,0.5940603959099728,0.0005981284484280786,PSEUDO_DRIFT
126,630-634,5,0.7257983596664791,0.000759434931145982,PSEUDO_DRIFT
127,635-639,5,0.8488137027365076,0.0009100610054007735,PSEUDO_DRIFT
128,640-644,5,0.8278114524747455,0.0008843448107497936,PSEUDO_DRIFT
129,645-649,5,0.4387803244060907,0.00040799584385274243,PSEUDO_DRIFT
130,650-654,5,0.5241524663914183,0.0005125297196852245,PSEUDO_DRIFT
131,655-659,5,0.7714150891987182,0.0008152903124204325,PSEUDO_DRIFT
132,660-664,5,0.5773532234364354,0.0005776713595903547,PSEUDO_DRIFT
133,665-669,5,0.8870860795370141,0.0009569235977082934,PSEUDO_DRIFT
134,670-674,5,0.7709088316429313,0.000814670425613739,PSEUDO_DRIFT
135,675-679,5,0.5129998107260146,0.000498873856128116,PSEUDO_DRIFT
136,680-684,5,0.7360070459822563,0.0007719349519130566,PSEUDO_DRIFT
137,685-689,5,0.47226085424196346,0.00044899106158161636,PSEUDO_DRIFT
138,690-694,5,0.4986217834047103,0.0004812686878874083,PSEUDO_DRIFT
139,695-699,5,0.44273571404247924,0.00041283901868125253,PSEUDO_DRIFT
140,700-704,5,0.5810140863531146,0.0005821539013267169,PSEUDO_DRIFT
141,705-709,5,0.5939649524552828,0.0005980115827385272,PSEUDO_DRIFT
142,710-714,5,0.6656488599938957,0.0006857849068647548,PSEUDO_DRIFT
143,715-719,5,0.657818974666455,0.000676197607757958,PSEUDO_DRIFT
144,720-724,5,0.7080151871030826,0.000737660334545499,PSEUDO_DRIFT
145,725-729,5,0.40121748140101465,0.0003620020398401585,PSEUDO_DRIFT
146,730-734,5,0.6566930199625636,0.0006748189330934545,PSEUDO_DRIFT
147,735-739,5,0.5142378546905464,0.0005003897784308005,PSEUDO_DRIFT
148,740-744,5,0.2766561436162981,0.00020948297314328173,PSEUDO_DRIFT
149,745-749,5,0.524297926190931,0.0005127078278627549,PSEUDO_DRIFT
150,750-754,5,0.4724096127514773,0.00044917320886292986,PSEUDO_DRIFT
151,755-759,5,0.5300776774154567,0.000519784841309964,PSEUDO_DRIFT
152,760-764,5,0.7637795520336275,0.0008059409828221769,PSEUDO_DRIFT
153,765-769,5,0.4130028728147736,0.00037643265636252266,PSEUDO_DRIFT
154,770-774,5,0.6633775658331328,0.0006830038218848204,PSEUDO_DRIFT
155,775-779,5,0.6662587494332445,0.0006865316856785672,PSEUDO_DRIFT
156,780-784,5,0.6569254131037051,0.0006751034867569267,PSEUDO_DRIFT
157,785-789,5,0.528229986362384,0.0005175224369397904,PSEUDO_DRIFT
158,790-794,5,0.35209442063153584,0.0003018533330656385,PSEUDO_DRIFT
159,795-799,5,0.5343125657742687,0.0005249702482069885,PSEUDO_DRIFT
160,800-804,5,0.39525159205544214,0.0003546971096653062,PSEUDO_DRIFT
161,805-809,5,0.5097794656536916,0.0004949307062422219,PSEUDO_DRIFT
162,810-814,5,0.6124953629516029,0.0006207011344459233,PSEUDO_DRIFT
163,815-819,5,0.39892184659844065,0.0003591911509737384,PSEUDO_DRIFT
164,820-824,5,0.5776470166790235,0.0005780310945768144,PSEUDO_DRIFT
165,825-829,5,0.6547317178763882,0.0006724174177515823,PSEUDO_DRIFT
166,830-834,5,0.5324626778183841,0.0005227051538402842,PSEUDO_DRIFT
167,835-839,5,0.5641356122925678,0.0005614870623479059,PSEUDO_DRIFT
168,840-844,5,0.408387798751655,0.0003707817312732275,PSEUDO_DRIFT
169,845-849,5,0.5176928826261167,0.0005046202856292344,PSEUDO_DRIFT
170,850-854,5,0.7916646685071391,0.0008400848995054125,PSEUDO_DRIFT
171,855-859,5,0.7073755306699354,0.0007368771075512698,PSEUDO_DRIFT
172,860-864,5,0.4425859103116201,0.0004126555915791941,PSEUDO_DRIFT
173,865-869,5,0.8578469382859296,0.0009211217460748348,PSEUDO_DRIFT
174,870-874,5,0.7548147766243364,0.0007949640681318794,PSEUDO_DRIFT
175,875-879,5,0.3127386070021277,0.0002536641270840209,PSEUDO_DRIFT
176,880-884,5,0.4957287018915114,0.00047772625570003324,PSEUDO_DRIFT
177,885-889,5,0.5229852531535348,0.0005111005260297589,PSEUDO_DRIFT
178,890-894,5,0.5752766087497342,0.0005751286497934185,PSEUDO_DRIFT
179,895-899,5,1.007116563330715,0.001103894862540326,PSEUDO_DRIFT
180,900-904,5,0.9637038541445344,0.0010507381928576115,PSEUDO_DRIFT
181,905-909,5,0.5261510994017884,0.0005149769448582398,PSEUDO_DRIFT
182,910-914,5,0.4004885249468278,0.0003611094694805868,PSEUDO_DRIFT
183,915-919,5,0.42573747075328894,0.0003920255283313452,PSEUDO_DRIFT
184,920-924,5,1.075177667463651,0.0011872322468790804,PSEUDO_DRIFT
185,925-929,5,0.6740963544583705,0.0006961284371652686,PSEUDO_DRIFT
186,930-934,5,0.5404991625464792,0.000532545423478133,PSEUDO_DRIFT
187,935-939,5,0.7555379254875358,0.0007958495273896204,PSEUDO_DRIFT
188,940-944,5,0.33692098143263177,0.0002832742231559614,PSEUDO_DRIFT
189,945-949,5,0.6412058975413064,0.0006558557339217107,PSEUDO_DRIFT
190,950-954,5,0.4190336709546549,0.00038381706407755284,PSEUDO_DRIFT
191,955-959,5,0.445406581282734,0.0004161093607151425,PSEUDO_DRIFT
192,960-964,5,0.3811327161473077,0.0003374092592406465,PSEUDO_DRIFT
193,965-969,5,0.8893384523283474,0.0009596815144270535,PSEUDO_DRIFT
194,970-974,5,0.4798668313233573,0.00045830419635042375,PSEUDO_DRIFT
195,975-979,5,0.5681081475162328,0.0005663512310820362,PSEUDO_DRIFT
196,980-984,5,0.6240498788962199,0.0006348490556175229,PSEUDO_DRIFT
197,985-989,5,0.5852970311683902,0.0005873981509274161,PSEUDO_DRIFT
198,990-994,5,0.306783440136355,0.00024637232604410574,PSEUDO_DRIFT
199,995-999,5,0.7642379583301441,0.0008065022781787951,PSEUDO_DRIFT
200,1000-1004,5,0.6263540098818234,0.0006376703476309323,PSEUDO_DRIFT
201,1005-1009,5,0.3287493860518184,0.000273268517348111,PSEUDO_DRIFT
202,1010-1014,5,0.584417269860598,0.0005863209276415491,PSEUDO_DRIFT
203,1015-1019,5,0.9156642191834277,0.0009919160862631071,PSEUDO_DRIFT
204,1020-1024,5,0.4617525864972796,0.0004361242184862884,PSEUDO_DRIFT
205,1025-1029,5,0.7406389652256751,0.0007776065030748022,PSEUDO_DRIFT
206,1030-1034,5,0.41997059623006805,0.0003849642817544994,PSEUDO_DRIFT
207,1035-1039,5,0.5665779531534897,0.0005644775853728533,PSEUDO_DRIFT
208,1040-1044,5,0.5782928407844634,0.0005788218735742454,PSEUDO_DRIFT
209,1045-1049,5,0.6284097504685044,0.0006401874981467159,PSEUDO_DRIFT
210,1050-1054,5,0.42532908305878986,0.0003915254782265273,PSEUDO_DRIFT
211,1055-1059,5,0.6974672697697193,0.0007247449425314787,PSEUDO_DRIFT
212,1060-1064,5,0.6197040000251596,0.0006295277464442273,PSEUDO_DRIFT
213,1065-1069,5,0.5143539177382395,0.0005005318917705169,PSEUDO_DRIFT
214,1070-1074,5,0.7019923714167607,0.0007302857009416693,PSEUDO_DRIFT
215,1075-1079,5,0.9005575482504418,0.0009734187307226744,PSEUDO_DRIFT
216,1080-1084,5,0.5613468126516812,0.0005580723180460444,PSEUDO_DRIFT
217,1085-1089,5,0.36950814879638594,0.00032317556366022617,PSEUDO_DRIFT
218,1090-1094,5,0.9161568850550299,0.000992519330739014,PSEUDO_DRIFT
219,1095-1099,5,0.8011410109629251,0.0008516882022056008,PSEUDO_DRIFT
220,1100-1104,5,0.8664841861948464,0.0009316976198838837,PSEUDO_DRIFT
221,1105-1109,5,0.4632828849249114,0.0004379979916176712,PSEUDO_DRIFT
222,1110-1114,5,0.6075243162266185,0.0006146143388118593,PSEUDO_DRIFT
223,1115-1119,5,0.5783751156101893,0.0005789226149427592,PSEUDO_DRIFT
224,1120-1124,5,0.7943044598245066,0.0008433171906413286,PSEUDO_DRIFT
225,1125-1129,5,0.4297448479393949,0.0003969323592886649,PSEUDO_DRIFT
226,1130-1134,5,0.6192214224271895,0.0006289368545498384,PSEUDO_DRIFT
227,1135-1139,5,0.6661393719427829,0.0006863855139710887,PSEUDO_DRIFT
228,1140-1144,5,0.6005469961174612,0.0006060709627529631,PSEUDO_DRIFT
229,1145-1149,5,0.4945296730895402,0.0004762581054933021,PSEUDO_DRIFT
230,1150-1154,5,0.39090200890567905,0.0003493712647898369,PSEUDO_DRIFT
231,1155-1159,5,0.8421192951004434,0.0009018640413756627,PSEUDO_DRIFT
232,1160-1164,5,0.35747890516883285,0.0003084463624187084,PSEUDO_DRIFT
233,1165-1169,5,0.7035295823456809,0.000732167938081739,PSEUDO_DRIFT
234,1170-1174,5,0.4457065418093187,0.00041647664722935484,PSEUDO_DRIFT
235,1175-1179,5,0.6422048712950016,0.0006570789268263308,PSEUDO_DRIFT
236,1180-1184,5,0.4619532758031418,0.000436369952404778,PSEUDO_DRIFT
237,1185-1189,5,0.5203102678917529,0.0005078251416865045,PSEUDO_DRIFT
238,1190-1194,5,0.47704697518017214,0.0004548514249301186,PSEUDO_DRIFT
239,1195-1199,5,0.5480936716439573,0.0005418445162798676,PSEUDO_DRIFT
240,1200-1204,5,215.59209378611618,0.2638523610820923,REAL_DRIFT
241,1205-1209,5,210.5809980241845,0.2577165274251077,REAL_DRIFT
242,1210-1214,5,213.94257257495013,0.2618326056740493,REAL_DRIFT
243,1215-1219,5,206.9473577954771,0.2532673184951866,REAL_DRIFT
244,1220-1224,5,208.4258438827419,0.2550776500327595,REAL_DRIFT
245,1225-1229,5,209.24526506758062,0.2560809898857663,REAL_DRIFT
246,1230-1234,5,219.45448108543528,0.26858165924627997,REAL_DRIFT
247,1235-1239,5,215.74274556499054,0.2640368265761114,REAL_DRIFT
248,1240-1244,5,199.65634906330862,0.2443398465613908,REAL_DRIFT
249,1245-1249,5,207.9605398072701,0.25450790869420825,REAL_DRIFT
250,1250-1254,5,208.59323014504812,0.2552826060565053,REAL_DRIFT
251,1255-1259,5,203.98077882666496,0.24963489238566766,REAL_DRIFT
252,1260-1264,5,203.8713947661747,0.24950095712843462,REAL_DRIFT
253,1265-1269,5,219.00466825521863,0.2680308861551023,REAL_DRIFT
254,1270-1274,5,191.76317733289667,0.2346750564506642,REAL_DRIFT
255,1275-1279,5,201.41010910208783,0.2464872371488874,REAL_DRIFT
256,1280-1284,5,221.64914586244123,0.27126891541624804,REAL_DRIFT
257,1285-1289,5,204.03273512199672,0.24969851024506098,REAL_DRIFT
258,1290-1294,5,209.0974415340409,0.2558999874353086,REAL_DRIFT
259,1295-1299,5,195.75807415513626,0.2395666058327956,REAL_DRIFT
260,1300-1304,5,158.92853655112185,0.19447069724557253,REAL_DRIFT
261,1305-1309,5,115.49448083924676,0.14128788982032858,REAL_DRIFT
262,1310-1314,5,80.38112642924442,0.098293360872139,PSEUDO_DRIFT
263,1315-1319,5,58.354414212245295,0.07132276430112494,PSEUDO_DRIFT
264,1320-1324,5,48.34628353092707,0.059068313778658545,PSEUDO_DRIFT
265,1325-1329,5,27.59598466194319,0.03366062088242026,PSEUDO_DRIFT
266,1330-1334,5,20.633822575312724,0.02513580505649753,PSEUDO_DRIFT
267,1335-1339,5,13.99818506163308,0.017010802077849517,PSEUDO_DRIFT
268,1340-1344,5,10.001592620640121,0.012117176496197889,PSEUDO_DRIFT
269,1345-1349,5,7.05495217152681,0.008509164096983187,PSEUDO_DRIFT
270,1350-1354,5,3.711512923709801,0.0044152916105131,PSEUDO_DRIFT
271,1355-1359,5,2.2870134252274625,0.0026710639241165498,PSEUDO_DRIFT
272,1360-1364,5,1.22278682831355,0.0013679722088056783,PSEUDO_DRIFT
273,1365-1369,5,1.087245494708585,0.0012020086918112759,PSEUDO_DRIFT
274,1370-1374,5,1.064098867253011,0.0011736668155959934,PSEUDO_DRIFT
275,1375-1379,5,0.7483536830003343,0.0007870527853301717,PSEUDO_DRIFT
276,1380-1384,5,0.5171785630316317,0.0005039905272633575,PSEUDO_DRIFT
277,1385-1389,5,0.4227068157057684,0.0003883146442998417,PSEUDO_DRIFT
278,1390-1394,5,0.5489865929773483,0.0005429378533523863,PSEUDO_DRIFT
279,1395-1399,5,0.4661078520977278,0.0004414570212356089,PSEUDO_DRIFT
280,1400-1404,5,0.40796974748425024,0.0003702698486114805,PSEUDO_DRIFT
281,1405-1409,5,0.4682136789829826,0.0004440354998942064,PSEUDO_DRIFT
282,1410-1414,5,0.8658481176201981,0.0009309187860411692,PSEUDO_DRIFT
283,1415-1419,5,0.8616081243104435,0.0009257271283895594,PSEUDO_DRIFT
284,1420-1424,5,0.7251306806934706,0.0007586173919670725,PSEUDO_DRIFT
285,1425-1429,5,0.6730291375439404,0.0006948216839571958,PSEUDO_DRIFT
286,1430-1434,5,0.6237408513094432,0.0006344706669460699,PSEUDO_DRIFT
287,1435-1439,5,0.6329092618949549,0.0006456969226243192,PSEUDO_DRIFT
288,1440-1444,5,0.5417837391525737,0.000534118322650112,PSEUDO_DRIFT
289,1445-1449,5,0.6070848026833717,0.0006140761766773733,PSEUDO_DRIFT
290,1450-1454,5,0.8639419245443886,0.0009285847488990104,PSEUDO_DRIFT
291,1455-1459,5,0.5314206104085756,0.000521429194930354,PSEUDO_DRIFT
292,1460-1464,5,0.34516921784835164,0.0002933737720400225,PSEUDO_DRIFT
293,1465-1469,5,0.7805163944311566,0.0008264344009832421,PSEUDO_DRIFT
294,1470-1474,5,0.3227039871990922,0.0002658662317976639,PSEUDO_DRIFT
295,1475-1479,5,0.4980964987662997,0.00048062550337907355,PSEUDO_DRIFT
296,1480-1484,5,0.36665186384649895,0.0003196781870060829,PSEUDO_DRIFT
297,1485-1489,5,0.5804208530915236,0.0005814275171612884,PSEUDO_DRIFT
298,1490-1494,5,0.38886350009085835,0.0003468752137083434,PSEUDO_DRIFT
299,1495-1499,5,0.45083270063741115,0.0004227533697991775,PSEUDO_DRIFT
300,1500-1504,5,0.38257885542341064,0.00033917998374174426,PSEUDO_DRIFT
301,1505-1509,5,0.5280974800708608,0.0005173601896785292,PSEUDO_DRIFT
302,1510-1514,5,0.5559580825159284,0.0005514740901721045,PSEUDO_DRIFT
303,1515-1519,5,0.28106979502593565,0.00021488726636696834,PSEUDO_DRIFT
304,1520-1524,5,0.37127677419137967,0.00032534115612557887,PSEUDO_DRIFT
305,1525-1529,5,0.7348116255549375,0.0007704712199788332,PSEUDO_DRIFT
306,1530-1534,5,0.7318398974041063,0.00076683248895601,PSEUDO_DRIFT
307,1535-1539,5,0.4317963549377886,0.0003994443259894234,PSEUDO_DRIFT
308,1540-1544,5,0.4687221262158735,0.00044465806784991634,PSEUDO_DRIFT
309,1545-1549,5,0.7563866693161643,0.0007968887713389018,PSEUDO_DRIFT
310,1550-1554,5,0.5839845177172979,0.0005857910444997886,PSEUDO_DRIFT
311,1555-1559,5,0.5708423845542553,0.0005696991662325719,PSEUDO_DRIFT
312,1560-1564,5,0.9294706273141292,0.0010088213356766146,PSEUDO_DRIFT
313,1565-1569,5,0.48757048877867265,0.0004677369358033979,PSEUDO_DRIFT
314,1570-1574,5,0.5225589227579197,0.0005105785059936853,PSEUDO_DRIFT
315,1575-1579,5,0.546524663397009,0.0005399233449299111,PSEUDO_DRIFT
316,1580-1584,5,0.5825273262986236,0.0005840067872083406,PSEUDO_DRIFT
317,1585-1589,5,0.5246225010924215,0.0005131052534358019,PSEUDO_DRIFT
318,1590-1594,5,0.6639205653468083,0.0006836686973631631,PSEUDO_DRIFT
319,1595-1599,5,0.7366119526383346,0.0007726756295604275,PSEUDO_DRIFT
320,1600-1604,5,0.6751987874522734,0.0006974783106839401,PSEUDO_DRIFT
321,1605-1609,5,0.4406825446780173,0.00041032501649720737,PSEUDO_DRIFT
322,1610-1614,5,0.5126475859184756,0.0004984425746416713,PSEUDO_DRIFT
323,1615-1619,5,0.46833016485112317,0.00044417813095620474,PSEUDO_DRIFT
324,1620-1624,5,0.31504991186408865,0.00025649420314668726,PSEUDO_DRIFT
325,1625-1629,5,0.7035242082189826,0.0007321613577350366,PSEUDO_DRIFT
326,1630-1634,5,0.6900443103389035,0.0007156559036318362,PSEUDO_DRIFT
327,1635-1639,5,0.7822580444740018,0.0008285669634923766,PSEUDO_DRIFT
328,1640-1644,5,0.42782127298520206,0.0003945770389143604,PSEUDO_DRIFT
329,1645-1649,5,0.4203837068748979,0.00038547011487344757,PSEUDO_DRIFT
330,1650-1654,5,0.31187249229857195,0.0002526036133757699,PSEUDO_DRIFT
331,1655-1659,5,0.594830246965405,0.0005990710921613455,PSEUDO_DRIFT
332,1660-1664,5,0.5797754999226629,0.0005806373148019127,PSEUDO_DRIFT
333,1665-1669,5,0.6723909276541795,0.0006940402281822804,PSEUDO_DRIFT
334,1670-1674,5,0.7489665469102895,0.0007878032062330053,PSEUDO_DRIFT
335,1675-1679,5,0.5430351076312955,0.0005356505601474195,PSEUDO_DRIFT
336,1680-1684,5,0.5128910933598936,0.000498740737204464,PSEUDO_DRIFT
337,1685-1689,5,0.577892757731638,0.000578331992083701,PSEUDO_DRIFT
338,1690-1694,5,0.5593239824585469,0.0005555954646449004,PSEUDO_DRIFT
339,1695-1699,5,0.5061300991288538,0.0004904622412570025,PSEUDO_DRIFT
340,1700-1704,5,0.5843880924249283,0.0005862852013452831,PSEUDO_DRIFT
341,1705-1709,5,0.42294883589432664,0.0003886109857966269,PSEUDO_DRIFT
342,1710-1714,5,0.5892491926979482,0.0005922373731021594,PSEUDO_DRIFT
343,1715-1719,5,0.7103175763547742,0.0007404794938937056,PSEUDO_DRIFT
344,1720-1724,5,0.4001112794977444,0.00036064755148232895,PSEUDO_DRIFT
345,1725-1729,5,0.7291574327668814,0.0007635479464952985,PSEUDO_DRIFT
346,1730-1734,5,0.6225965527454431,0.0006330695311513861,PSEUDO_DRIFT
347,1735-1739,5,0.5864641885590611,0.0005888272762007909,PSEUDO_DRIFT
348,1740-1744,5,0.4116474039876503,0.0003747729532465617,PSEUDO_DRIFT
349,1745-1749,5,0.7831463494534456,0.0008296546480726523,PSEUDO_DRIFT
350,1750-1754,5,0.5214856513999819,0.0005092643394253392,PSEUDO_DRIFT
351,1755-1759,5,0.46241975871836943,0.00043694113717306874,PSEUDO_DRIFT
352,1760-1764,5,0.4937112710038537,0.0004752560134757341,PSEUDO_DRIFT
353,1765-1769,5,0.5490687807033183,0.0005430384880716484,PSEUDO_DRIFT
354,1770-1774,5,0.50239666731258,0.0004858908425684412,PSEUDO_DRIFT
355,1775-1779,5,0.8695571129069719,0.0009354602634336132,PSEUDO_DRIFT
356,1780-1784,5,0.564410166143234,0.0005618232396707122,PSEUDO_DRIFT
357,1785-1789,5,0.6795822792186843,0.0007028456749478174,PSEUDO_DRIFT
358,1790-1794,5,0.49039717962234486,0.0004711980759692383,PSEUDO_DRIFT
359,1795-1799,5,0.6319720508281068,0.0006445493550101957,PSEUDO_DRIFT
360,1800-1804,5,0.5992069515007066,0.000604430145803543,PSEUDO_DRIFT
361,1805-1809,5,0.5386245654558446,0.0005302500740239515,PSEUDO_DRIFT
362,1810-1814,5,0.41918819824453424,0.0003840062749390509,PSEUDO_DRIFT
363,1815-1819,5,0.4569096442246227,0.0004301942802837211,PSEUDO_DRIFT
364,1820-1824,5,0.6711688327346679,0.0006925438346796587,PSEUDO_DRIFT
365,1825-1829,5,0.5940603959099728,0.0005981284484280786,PSEUDO_DRIFT
366,1830-1834,5,0.7257983596664791,0.000759434931145982,PSEUDO_DRIFT
367,1835-1839,5,0.8488137027365076,0.0009100610054007735,PSEUDO_DRIFT
368,1840-1844,5,0.8278114524747455,0.0008843448107497936,PSEUDO_DRIFT
369,1845-1849,5,0.4387803244060907,0.00040799584385274243,PSEUDO_DRIFT
370,1850-1854,5,0.5241524663914183,0.0005125297196852245,PSEUDO_DRIFT
371,1855-1859,5,0.7714150891987182,0.0008152903124204325,PSEUDO_DRIFT
372,1860-1864,5,0.5773532234364354,0.0005776713595903547,PSEUDO_DRIFT
373,1865-1869,5,0.8870860795370141,0.0009569235977082934,PSEUDO_DRIFT
374,1870-1874,5,0.7709088316429313,0.000814670425613739,PSEUDO_DRIFT
375,1875-1879,5,0.5129998107260146,0.000498873856128116,PSEUDO_DRIFT
376,1880-1884,5,0.7360070459822563,0.0007719349519130566,PSEUDO_DRIFT
377,1885-1889,5,0.47226085424196346,0.00044899106158161636,PSEUDO_DRIFT
378,1890-1894,5,0.4986217834047103,0.0004812686878874083,PSEUDO_DRIFT
379,1895-1899,5,0.44273571404247924,0.00041283901868125253,PSEUDO_DRIFT
380,1900-1904,5,0.5810140863531146,0.0005821539013267169,PSEUDO_DRIFT
381,1905-1909,5,0.5939649524552828,0.0005980115827385272,PSEUDO_DRIFT
382,1910-1914,5,0.6656488599938957,0.0006857849068647548,PSEUDO_DRIFT
383,1915-1919,5,0.657818974666455,0.000676197607757958,PSEUDO_DRIFT
384,1920-1924,5,0.7080151871030826,0.000737660334545499,PSEUDO_DRIFT
385,1925-1929,5,0.40121748140101465,0.0003620020398401585,PSEUDO_DRIFT
386,1930-1934,5,0.6566930199625636,0.0006748189330934545,PSEUDO_DRIFT
387,1935-1939,5,0.5142378546905464,0.0005003897784308005,PSEUDO_DRIFT
388,1940-1944,5,0.2766561436162981,0.00020948297314328173,PSEUDO_DRIFT
389,1945-1949,5,0.524297926190931,0.0005127078278627549,PSEUDO_DRIFT
390,1950-1954,5,0.4724096127514773,0.00044917320886292986,PSEUDO_DRIFT
391,1955-1959,5,0.5300776774154567,0.000519784841309964,PSEUDO_DRIFT
392,1960-1964,5,0.7637795520336275,0.0008059409828221769,PSEUDO_DRIFT
393,1965-1969,5,0.4130028728147736,0.00037643265636252266,PSEUDO_DRIFT
394,1970-1974,5,0.6633775658331328,0.0006830038218848204,PSEUDO_DRIFT
395,1975-1979,5,0.6662587494332445,0.0006865316856785672,PSEUDO_DRIFT
396,1980-1984,5,0.6569254131037051,0.0006751034867569267,PSEUDO_DRIFT
397,1985-1989,5,0.528229986362384,0.0005175224369397904,PSEUDO_DRIFT
398,1990-1994,5,0.35209442063153584,0.0003018533330656385,PSEUDO_DRIFT
399,1995-1999,5,0.5343125657742687,0.0005249702482069885,PSEUDO_DRIFT
400,2000-2004,5,0.39525159205544214,0.0003546971096653062,PSEUDO_DRIFT
401,2005-2009,5,0.5097794656536916,0.0004949307062422219,PSEUDO_DRIFT
402,2010-2014,5,0.6124953629516029,0.0006207011344459233,PSEUDO_DRIFT
403,2015-2019,5,0.39892184659844065,0.0003591911509737384,PSEUDO_DRIFT
404,2020-2024,5,0.5776470166790235,0.0005780310945768144,PSEUDO_DRIFT
405,2025-2029,5,0.6547317178763882,0.0006724174177515823,PSEUDO_DRIFT
406,2030-2034,5,0.5324626778183841,0.0005227051538402842,PSEUDO_DRIFT
407,2035-2039,5,0.5641356122925678,0.0005614870623479059,PSEUDO_DRIFT
408,2040-2044,5,0.408387798751655,0.0003707817312732275,PSEUDO_DRIFT
409,2045-2049,5,0.5176928826261167,0.0005046202856292344,PSEUDO_DRIFT
410,2050-2054,5,0.7916646685071391,0.0008400848995054125,PSEUDO_DRIFT
411,2055-2059,5,0.7073755306699354,0.0007368771075512698,PSEUDO_DRIFT
412,2060-2064,5,0.4425859103116201,0.0004126555915791941,PSEUDO_DRIFT
413,2065-2069,5,0.8578469382859296,0.0009211217460748348,PSEUDO_DRIFT
414,2070-2074,5,0.7548147766243364,0.0007949640681318794,PSEUDO_DRIFT
415,2075-2079,5,0.3127386070021277,0.0002536641270840209,PSEUDO_DRIFT
416,2080-2084,5,0.4957287018915114,0.00047772625570003324,PSEUDO_DRIFT
417,2085-2089,5,0.5229852531535348,0.0005111005260297589,PSEUDO_DRIFT
418,2090-2094,5,0.5752766087497342,0.0005751286497934185,PSEUDO_DRIFT
419,2095-2099,5,1.007116563330715,0.001103894862540326,PSEUDO_DRIFT
420,2100-2104,5,0.9637038541445344,0.0010507381928576115,PSEUDO_DRIFT
421,2105-2109,5,0.5261510994017884,0.0005149769448582398,PSEUDO_DRIFT
422,2110-2114,5,0.4004885249468278,0.0003611094694805868,PSEUDO_DRIFT
423,2115-2119,5,0.42573747075328894,0.0003920255283313452,PSEUDO_DRIFT
424,2120-2124,5,1.075177667463651,0.0011872322468790804,PSEUDO_DRIFT
425,2125-2129,5,0.6740963544583705,0.0006961284371652686,PSEUDO_DRIFT
426,2130-2134,5,0.5404991625464792,0.000532545423478133,PSEUDO_DRIFT
427,2135-2139,5,0.7555379254875358,0.0007958495273896204,PSEUDO_DRIFT
428,2140-2144,5,0.33692098143263177,0.0002832742231559614,PSEUDO_DRIFT
429,2145-2149,5,0.6412058975413064,0.0006558557339217107,PSEUDO_DRIFT
430,2150-2154,5,0.4190336709546549,0.00038381706407755284,PSEUDO_DRIFT
431,2155-2159,5,0.445406581282734,0.0004161093607151425,PSEUDO_DRIFT
432,2160-2164,5,0.3811327161473077,0.0003374092592406465,PSEUDO_DRIFT
433,2165-2169,5,0.8893384523283474,0.0009596815144270535,PSEUDO_DRIFT
434,2170-2174,5,0.4798668313233573,0.00045830419635042375,PSEUDO_DRIFT
435,2175-2179,5,0.5681081475162328,0.0005663512310820362,PSEUDO_DRIFT
436,2180-2184,5,0.6240498788962199,0.0006348490556175229,PSEUDO_DRIFT
437,2185-2189,5,0.5852970311683902,0.0005873981509274161,PSEUDO_DRIFT
438,2190-2194,5,0.306783440136355,0.00024637232604410574,PSEUDO_DRIFT
439,2195-2199,5,0.7642379583301441,0.0008065022781787951,PSEUDO_DRIFT
440,2200-2204,5,0.6263540098818234,0.0006376703476309323,PSEUDO_DRIFT
441,2205-2209,5,0.3287493860518184,0.000273268517348111,PSEUDO_DRIFT
442,2210-2214,5,0.584417269860598,0.0005863209276415491,PSEUDO_DRIFT
443,2215-2219,5,0.9156642191834277,0.0009919160862631071,PSEUDO_DRIFT
444,2220-2224,5,0.4617525864972796,0.0004361242184862884,PSEUDO_DRIFT
445,2225-2229,5,0.7406389652256751,0.0007776065030748022,PSEUDO_DRIFT
446,2230-2234,5,0.41997059623006805,0.0003849642817544994,PSEUDO_DRIFT
447,2235-2239,5,0.5665779531534897,0.0005644775853728533,PSEUDO_DRIFT
448,2240-2244,5,0.5782928407844634,0.0005788218735742454,PSEUDO_DRIFT
449,2245-2249,5,0.6284097504685044,0.0006401874981467159,PSEUDO_DRIFT
450,2250-2254,5,0.42532908305878986,0.0003915254782265273,PSEUDO_DRIFT
451,2255-2259,5,0.6974672697697193,0.0007247449425314787,PSEUDO_DRIFT
452,2260-2264,5,0.6197040000251596,0.0006295277464442273,PSEUDO_DRIFT
453,2265-2269,5,0.5143539177382395,0.0005005318917705169,PSEUDO_DRIFT
454,2270-2274,5,0.7019923714167607,0.0007302857009416693,PSEUDO_DRIFT
455,2275-2279,5,0.9005575482504418,0.0009734187307226744,PSEUDO_DRIFT
456,2280-2284,5,0.5613468126516812,0.0005580723180460444,PSEUDO_DRIFT
457,2285-2289,5,0.36950814879638594,0.00032317556366022617,PSEUDO_DRIFT
458,2290-2294,5,0.9161568850550299,0.000992519330739014,PSEUDO_DRIFT
459,2295-2299,5,0.8011410109629251,0.0008516882022056008,PSEUDO_DRIFT
460,2300-2304,5,0.8664841861948464,0.0009316976198838837,PSEUDO_DRIFT
461,2305-2309,5,0.4632828849249114,0.0004379979916176712,PSEUDO_DRIFT
462,2310-2314,5,0.6075243162266185,0.0006146143388118593,PSEUDO_DRIFT
463,2315-2319,5,0.5783751156101893,0.0005789226149427592,PSEUDO_DRIFT
464,2320-2324,5,0.7943044598245066,0.0008433171906413286,PSEUDO_DRIFT
465,2325-2329,5,0.4297448479393949,0.0003969323592886649,PSEUDO_DRIFT
466,2330-2334,5,0.6192214224271895,0.0006289368545498384,PSEUDO_DRIFT
467,2335-2339,5,0.6661393719427829,0.0006863855139710887,PSEUDO_DRIFT
468,2340-2344,5,0.6005469961174612,0.0006060709627529631,PSEUDO_DRIFT
469,2345-2349,5,0.4945296730895402,0.0004762581054933021,PSEUDO_DRIFT
470,2350-2354,5,0.39090200890567905,0.0003493712647898369,PSEUDO_DRIFT
471,2355-2359,5,0.8421192951004434,0.0009018640413756627,PSEUDO_DRIFT
472,2360-2364,5,0.35747890516883285,0.0003084463624187084,PSEUDO_DRIFT
473,2365-2369,5,0.7035295823456809,0.000732167938081739,PSEUDO_DRIFT
474,2370-2374,5,0.4457065418093187,0.00041647664722935484,PSEUDO_DRIFT
475,2375-2379,5,0.6422048712950016,0.0006570789268263308,PSEUDO_DRIFT
476,2380-2384,5,0.4619532758031418,0.000436369952404778,PSEUDO_DRIFT
477,2385-2389,5,0.5203102678917529,0.0005078251416865045,PSEUDO_DRIFT
478,2390-2394,5,0.47704697518017214,0.0004548514249301186,PSEUDO_DRIFT
479,2395-2399,5,0.5480936716439573,0.0005418445162798676,PSEUDO_DRIFT
480,2400-2404,5,0.48499817099537224,0.000464587262601952,PSEUDO_DRIFT
481,2405-2409,5,296.3007618065159,0.3626760485901258,REAL_DRIFT
482,2410-2414,5,685.8477352917218,0.8396566421451069,REAL_DRIFT
483,2415-2419,5,142.58766825535912,0.17446212937201752,REAL_DRIFT
484,2420-2424,5,151.98207483047014,0.18596510572478703,REAL_DRIFT
485,2425-2429,5,720.1376600601238,0.881642923087447,REAL_DRIFT
486,2430-2434,5,291.8141087496993,0.35718236853668056,REAL_DRIFT
487,2435-2439,5,0.5099409431293676,0.0004951284272551838,PSEUDO_DRIFT
488,2440-2444,5,556.6248914591796,0.6814297967388767,REAL_DRIFT
489,2445-2449,5,321.50098789102526,0.3935324526021198,REAL_DRIFT
490,2450-2454,5,0.5518072959507003,0.0005463916616734587,PSEUDO_DRIFT
491,2455-2459,5,420.6503948464915,0.5149358935199805,REAL_DRIFT
492,2460-2464,5,458.2854383392845,0.5610181033830272,REAL_DRIFT
493,2465-2469,5,0.7584405845961786,0.0007994036868588655,PSEUDO_DRIFT
494,2470-2474,5,364.19819740018636,0.4458130290692207,REAL_DRIFT
495,2475-2479,5,635.7646626996662,0.7783324493827081,REAL_DRIFT
496,2480-2484,5,0.6269216004662311,0.0006383653336333259,PSEUDO_DRIFT
497,2485-2489,5,236.73395645661063,0.2897395040759354,REAL_DRIFT
498,2490-2494,5,589.1196369294419,0.7212179713026623,REAL_DRIFT
499,2495-2499,5,117.12736644769545,0.14328727577308537,REAL_DRIFT
500,2500-2504,5,124.35387886694805,0.15213577522933505,REAL_DRIFT
501,2505-2509,5,603.8433961875786,0.7392464708375801,REAL_DRIFT
502,2510-2514,5,253.82269234921233,0.3106637980480641,REAL_DRIFT
503,2515-2519,5,0.5400158215653634,0.0005319535968596396,PSEUDO_DRIFT
504,2520-2524,5,641.2328488169924,0.785027967092873,REAL_DRIFT
505,2525-2529,5,386.6584096883292,0.4733144245818625,REAL_DRIFT
506,2530-2534,5,0.8458835833156346,0.000906473222166185,PSEUDO_DRIFT
507,2535-2539,5,576.6644610018342,0.7059672374729777,REAL_DRIFT
508,2540-2544,5,563.0384171566623,0.6892828350171513,REAL_DRIFT
509,2545-2549,5,0.5430406655129515,0.0005356573654927864,PSEUDO_DRIFT
510,2550-2554,5,346.28259085680736,0.4238762737493055,REAL_DRIFT
511,2555-2559,5,584.8729600549304,0.7160181299635852,REAL_DRIFT
512,2560-2564,5,0.7482394418862489,0.0007869129028561343,PSEUDO_DRIFT
513,2565-2569,5,299.2901743292667,0.36633643323315146,REAL_DRIFT
514,2570-2574,5,703.2223208877489,0.860930944641208,REAL_DRIFT
515,2575-2579,5,138.41536904299537,0.1693533597235278,REAL_DRIFT
516,2580-2584,5,134.19224037900793,0.16418235197885003,REAL_DRIFT
517,2585-2589,5,604.908145408057,0.7405502024790486,REAL_DRIFT
518,2590-2594,5,230.33085844446327,0.2818992339716658,REAL_DRIFT
519,2595-2599,5,0.4673891850393314,0.0004430259487042517,PSEUDO_DRIFT
520,2600-2604,5,576.1773529077778,0.7053707982149604,REAL_DRIFT
521,2605-2609,5,371.1998220203572,0.45438616477426574,REAL_DRIFT
522,2610-2614,5,0.8658481176201981,0.0009309187860411692,PSEUDO_DRIFT
523,2615-2619,5,503.97066713116646,0.6169573585411078,REAL_DRIFT
524,2620-2624,5,523.0621332904997,0.6403338945697195,REAL_DRIFT
525,2625-2629,5,0.6730291375439404,0.0006948216839571958,PSEUDO_DRIFT
526,2630-2634,5,311.65150770904967,0.38147226160288156,REAL_DRIFT
527,2635-2639,5,491.32108847557237,0.6014685883900162,REAL_DRIFT
528,2640-2644,5,0.5417837391525737,0.000534118322650112,PSEUDO_DRIFT
529,2645-2649,5,247.3524979986202,0.30274137186631195,REAL_DRIFT
530,2650-2654,5,624.2178894026284,0.7641940086919987,REAL_DRIFT
531,2655-2659,5,130.59853047153584,0.1597820357104564,REAL_DRIFT
532,2660-2664,5,138.87737513999875,0.1699190628540209,REAL_DRIFT
533,2665-2669,5,719.1731607003306,0.8804619423369058,REAL_DRIFT
534,2670-2674,5,263.8873180188144,0.32298742383020057,REAL_DRIFT
535,2675-2679,5,0.4980964987662997,0.00048062550337907355,PSEUDO_DRIFT
536,2680-2684,5,621.0551786794815,0.7603214291556398,REAL_DRIFT
537,2685-2689,5,367.9279809787876,0.4503799606750194,REAL_DRIFT
538,2690-2694,5,0.38886350009085835,0.0003468752137083434,PSEUDO_DRIFT
539,2695-2699,5,414.7360117653752,0.5076940301644447,REAL_DRIFT
540,2700-2704,5,428.7587848340198,0.5248642075161702,REAL_DRIFT
541,2705-2709,5,0.5280974800708608,0.0005173601896785292,PSEUDO_DRIFT
542,2710-2714,5,369.9646242641522,0.45287372750991917,REAL_DRIFT
543,2715-2719,5,613.3782351518179,0.7509213995577918,REAL_DRIFT
544,2720-2724,5,0.37127677419137967,0.00032534115612557887,PSEUDO_DRIFT
545,2725-2729,5,250.59881245616498,0.30671631995273224,REAL_DRIFT
546,2730-2734,5,642.428531136573,0.7864920197009431,REAL_DRIFT
547,2735-2739,5,139.51113488673795,0.17069506965357678,REAL_DRIFT
548,2740-2744,5,136.2815335829601,0.1667405859797858,REAL_DRIFT
549,2745-2749,5,674.2441122715029,0.8254485918397633,REAL_DRIFT
550,2750-2754,5,263.8040667641579,0.32288548687377916,REAL_DRIFT
551,2755-2759,5,0.5708423845542553,0.0005696991662325719,PSEUDO_DRIFT
552,2760-2764,5,715.2418233884725,0.8756482183649336,REAL_DRIFT
553,2765-2769,5,432.0701798732542,0.5289188434877394,REAL_DRIFT
554,2770-2774,5,0.5225589227579197,0.0005105785059936853,PSEUDO_DRIFT
555,2775-2779,5,497.7654496523731,0.6093593831552586,REAL_DRIFT
556,2780-2784,5,483.66633943749787,0.5920957348236572,REAL_DRIFT
557,2785-2789,5,0.5246225010924215,0.0005131052534358019,PSEUDO_DRIFT
558,2790-2794,5,415.3567263444028,0.508454063815031,REAL_DRIFT
559,2795-2799,5,723.4091609618861,0.885648710702679,REAL_DRIFT
560,2800-2804,5,0.6751987874522734,0.0006974783106839401,PSEUDO_DRIFT
561,2805-2809,5,220.35837700404363,0.26968843414408605,REAL_DRIFT
562,2810-2814,5,590.5340323484031,0.7229498270540283,REAL_DRIFT
563,2815-2819,5,120.14803066338564,0.14698592653563564,REAL_DRIFT
564,2820-2824,5,146.57524627093045,0.1793447172450465,REAL_DRIFT
565,2825-2829,5,675.0733447876855,0.826463945172444,REAL_DRIFT
566,2830-2834,5,274.7620511462652,0.33630298527706803,REAL_DRIFT
567,2835-2839,5,0.7822580444740018,0.0008285669634923766,PSEUDO_DRIFT
568,2840-2844,5,656.6807618262544,0.8039431563200414,REAL_DRIFT
569,2845-2849,5,369.5371924550699,0.452350358848686,REAL_DRIFT
570,2850-2854,5,0.31187249229857195,0.0002526036133757699,PSEUDO_DRIFT
571,2855-2859,5,548.8741926716806,0.6719394575506361,REAL_DRIFT
572,2860-2864,5,561.8163342817222,0.6877864562624993,REAL_DRIFT
573,2865-2869,5,0.6723909276541795,0.0006940402281822804,PSEUDO_DRIFT
574,2870-2874,5,424.4517166160108,0.5195904200272635,REAL_DRIFT
575,2875-2879,5,652.4470157254949,0.7987591480603086,REAL_DRIFT
576,2880-2884,5,0.5128910933598936,0.000498740737204464,PSEUDO_DRIFT
577,2885-2889,5,265.99624348085956,0.3255696965395731,REAL_DRIFT
578,2890-2894,5,638.9750948962361,0.7822634614529276,REAL_DRIFT
579,2895-2899,5,135.3634712715277,0.16561646504949162,REAL_DRIFT
580,2900-2904,5,128.83519515921213,0.15762292068413836,REAL_DRIFT
581,2905-2909,5,631.7198619528048,0.7733797951654552,REAL_DRIFT
582,2910-2914,5,262.6121641809267,0.32142606236195986,REAL_DRIFT
583,2915-2919,5,0.7103175763547742,0.0007404794938937056,PSEUDO_DRIFT
584,2920-2924,5,686.8055867854848,0.8408294829194686,REAL_DRIFT
585,2925-2929,5,408.53663047712246,0.5001032008991346,REAL_DRIFT
586,2930-2934,5,0.6225965527454431,0.0006330695311513861,PSEUDO_DRIFT
587,2935-2939,5,451.5054646553834,0.5527163680541628,REAL_DRIFT
588,2940-2944,5,436.8762228066895,0.5348036003131642,REAL_DRIFT
589,2945-2949,5,0.7831463494534456,0.0008296546480726523,PSEUDO_DRIFT
590,2950-2954,5,363.76725920334144,0.4452853670132749,REAL_DRIFT
591,2955-2959,5,622.2811029116889,0.7618225114582442,REAL_DRIFT
592,2960-2964,5,0.4937112710038537,0.0004752560134757341,PSEUDO_DRIFT
593,2965-2969,5,211.4378370583733,0.25876568354472,REAL_DRIFT
594,2970-2974,5,574.2115999394425,0.7029638329926915,REAL_DRIFT
595,2975-2979,5,112.62537194238773,0.13777481089083804,REAL_DRIFT
596,2980-2984,5,124.8904329040912,0.1527927585472162,REAL_DRIFT
597,2985-2989,5,579.6381492308398,0.7096083685125245,REAL_DRIFT
598,2990-2994,5,233.28491480393419,0.2855163267785461,REAL_DRIFT
599,2995-2999,5,0.6319720508281068,0.0006445493550101957,PSEUDO_DRIFT
600,3000-3004,5,589.9288473552884,0.7222088085970145,REAL_DRIFT
601,3005-3009,5,351.02211150861694,0.429679577400828,REAL_DRIFT
602,3010-3014,5,0.41918819824453424,0.0003840062749390509,PSEUDO_DRIFT
603,3015-3019,5,492.72377012909476,0.6031861012272484,REAL_DRIFT
604,3020-3024,5,516.904661507461,0.6327943813767531,REAL_DRIFT
605,3025-3029,5,0.5940603959099728,0.0005981284484280786,PSEUDO_DRIFT
606,3030-3034,5,396.85509883208806,0.48579975541776077,REAL_DRIFT
607,3035-3039,5,652.4131996857564,0.7987177420276499,REAL_DRIFT
608,3040-3044,5,0.8278114524747455,0.0008843448107497936,PSEUDO_DRIFT
609,3045-3049,5,254.44961243894755,0.31143143003308016,REAL_DRIFT
610,3050-3054,5,629.9261289160786,0.7711834596609533,REAL_DRIFT
611,3055-3059,5,126.8117476329533,0.15514531138976412,REAL_DRIFT
612,3060-3064,5,109.84020092849862,0.13436450965945804,REAL_DRIFT
613,3065-3069,5,477.8252760210653,0.584943647694252,REAL_DRIFT
614,3070-3074,5,182.9262590199275,0.22385469631692798,REAL_DRIFT
615,3075-3079,5,0.5129998107260146,0.000498873856128116,PSEUDO_DRIFT
616,3080-3084,5,694.374701843792,0.8500974820028562,REAL_DRIFT
617,3085-3089,5,449.9243618704125,0.5507803875532761,REAL_DRIFT
618,3090-3094,5,0.4986217834047103,0.0004812686878874083,PSEUDO_DRIFT
619,3095-3099,5,459.83586807344483,0.5629165262824497,REAL_DRIFT
620,3100-3104,5,457.0635779299185,0.5595219970262342,REAL_DRIFT
621,3105-3109,5,0.5939649524552828,0.0005980115827385272,PSEUDO_DRIFT
622,3110-3114,5,437.347699403294,0.5353808995920772,REAL_DRIFT
623,3115-3119,5,680.8036707641338,0.8334804398997828,REAL_DRIFT
624,3120-3124,5,0.7080151871030826,0.000737660334545499,PSEUDO_DRIFT
625,3125-3129,5,235.38318616137514,0.2880855540749548,REAL_DRIFT
626,3130-3134,5,584.614940883067,0.7157021985198293,REAL_DRIFT
627,3135-3139,5,119.15392470078064,0.14576869399533998,REAL_DRIFT
628,3140-3144,5,127.36669825254944,0.15582482039367307,REAL_DRIFT
629,3145-3149,5,623.8697340476407,0.7637677100446606,REAL_DRIFT
630,3150-3154,5,274.6934014205423,0.33621892715532276,REAL_DRIFT
631,3155-3159,5,0.5300776774154567,0.000519784841309964,PSEUDO_DRIFT
632,3160-3164,5,607.3059469896855,0.7434861894061188,REAL_DRIFT
633,3165-3169,5,344.64711987482747,0.4218737221372435,REAL_DRIFT
634,3170-3174,5,0.6633775658331328,0.0006830038218848204,PSEUDO_DRIFT
635,3175-3179,5,496.607495429865,0.6079415266964601,REAL_DRIFT
636,3180-3184,5,492.25181655723765,0.6026082179162301,REAL_DRIFT
637,3185-3189,5,0.528229986362384,0.0005175224369397904,PSEUDO_DRIFT
638,3190-3194,5,391.6182732555737,0.4793875270041198,REAL_DRIFT
639,3195-3199,5,646.8181683240057,0.7918669087224647,REAL_DRIFT
640,3200-3204,5,0.39525159205544214,0.0003546971096653062,PSEUDO_DRIFT
641,3205-3209,5,234.91844316687502,0.2875164997517139,REAL_DRIFT
642,3210-3214,5,583.3826613559886,0.7141933344796525,REAL_DRIFT
643,3215-3219,5,109.3080009310452,0.1337128576432604,REAL_DRIFT
644,3220-3224,5,107.36446571146232,0.1313330969321511,REAL_DRIFT
645,3225-3229,5,551.0197718525,0.6745666108873191,REAL_DRIFT
646,3230-3234,5,204.6114192796071,0.2504070797675203,REAL_DRIFT
647,3235-3239,5,0.5641356122925678,0.0005614870623479059,PSEUDO_DRIFT
648,3240-3244,5,630.5940844737072,0.7720013375037601,REAL_DRIFT
649,3245-3249,5,383.1482600741773,0.4690164236721249,REAL_DRIFT
650,3250-3254,5,0.7916646685071391,0.0008400848995054125,PSEUDO_DRIFT
651,3255-3259,5,495.54769824691056,0.6066438585748191,REAL_DRIFT
652,3260-3264,5,502.5061891687533,0.6151641792448846,REAL_DRIFT
653,3265-3269,5,0.8578469382859296,0.0009211217460748348,PSEUDO_DRIFT
654,3270-3274,5,330.95416461641844,0.405107390035511,REAL_DRIFT
655,3275-3279,5,537.5328152342693,0.6580525137157791,REAL_DRIFT
656,3280-3284,5,0.4957287018915114,0.00047772625570003324,PSEUDO_DRIFT
657,3285-3289,5,282.09502089915725,0.3452818363613468,REAL_DRIFT
658,3290-3294,5,674.8640875769507,0.8262077202871907,REAL_DRIFT
659,3295-3299,5,125.06934634133331,0.15301182901444946,REAL_DRIFT
660,3300-3304,5,136.900892600615,0.16749895981393884,REAL_DRIFT
661,3305-3309,5,700.5757107633,0.8576903042204289,REAL_DRIFT
662,3310-3314,5,272.6794808922158,0.33375298318872126,REAL_DRIFT
663,3315-3319,5,0.42573747075328894,0.0003920255283313452,PSEUDO_DRIFT
664,3320-3324,5,680.926806099273,0.8336312128982657,REAL_DRIFT
665,3325-3329,5,399.43740481863296,0.4889616586695892,REAL_DRIFT
666,3330-3334,5,0.5404991625464792,0.000532545423478133,PSEUDO_DRIFT
667,3335-3339,5,462.1397123024126,0.5657374671768423,REAL_DRIFT
668,3340-3344,5,480.5881733175732,0.5883266758837132,REAL_DRIFT
669,3345-3349,5,0.6412058975413064,0.0006558557339217107,PSEUDO_DRIFT
670,3350-3354,5,359.6650666793885,0.44026243946375276,REAL_DRIFT
671,3355-3359,5,653.203485203235,0.7996854067275765,REAL_DRIFT
672,3360-3364,5,0.3811327161473077,0.0003374092592406465,PSEUDO_DRIFT
673,3365-3369,5,252.1569870953994,0.3086242260972336,REAL_DRIFT
674,3370-3374,5,640.3192961508876,0.7839093679955065,REAL_DRIFT
675,3375-3379,5,120.90317900993759,0.14791056754449228,REAL_DRIFT
676,3380-3384,5,119.04192408885262,0.1456315549030298,REAL_DRIFT
677,3385-3389,5,584.6094936481859,0.7156955286558496,REAL_DRIFT
678,3390-3394,5,245.91740938297576,0.300984178340792,REAL_DRIFT
679,3395-3399,5,0.7642379583301441,0.0008065022781787951,PSEUDO_DRIFT
680,3400-3404,5,543.1150820457071,0.664887717473826,REAL_DRIFT
681,3405-3409,5,303.8790066629426,0.3719552266501772,REAL_DRIFT
682,3410-3414,5,0.584417269860598,0.0005863209276415491,PSEUDO_DRIFT
683,3415-3419,5,418.00920154596713,0.5117018857265009,REAL_DRIFT
684,3420-3424,5,411.9329125145747,0.504261776712497,REAL_DRIFT
685,3425-3429,5,0.7406389652256751,0.0007776065030748022,PSEUDO_DRIFT
686,3430-3434,5,351.62209593417043,0.43041422802553664,REAL_DRIFT
687,3435-3439,5,630.239029128337,0.7715665901667077,REAL_DRIFT
688,3440-3444,5,0.5782928407844634,0.0005788218735742454,PSEUDO_DRIFT
689,3445-3449,5,238.13458079089006,0.291454497829667,REAL_DRIFT
690,3450-3454,5,577.8645205744125,0.7074366498062543,REAL_DRIFT
691,3455-3459,5,121.31735744226944,0.14841770811530414,REAL_DRIFT
692,3460-3464,5,139.4418204920368,0.17061019767823918,REAL_DRIFT
693,3465-3469,5,653.2889339252534,0.7997900343717916,REAL_DRIFT
694,3470-3474,5,265.37004060896186,0.3248029427515734,REAL_DRIFT
695,3475-3479,5,0.9005575482504418,0.0009734187307226744,PSEUDO_DRIFT
696,3480-3484,5,622.2479871432248,0.7617819628723914,REAL_DRIFT
697,3485-3489,5,358.6355187007369,0.43900180996493515,REAL_DRIFT
698,3490-3494,5,0.9161568850550299,0.000992519330739014,PSEUDO_DRIFT
699,3495-3499,5,542.8720223415542,0.6645901031426996,REAL_DRIFT
700,3500-3504,5,540.5627117931216,0.6617624690162186,REAL_DRIFT
701,3505-3509,5,0.4632828849249114,0.0004379979916176712,PSEUDO_DRIFT
702,3510-3514,5,304.34458386497647,0.37252530241840864,REAL_DRIFT
703,3515-3519,5,534.5218603455023,0.6543657515336418,REAL_DRIFT
704,3520-3524,5,0.7943044598245066,0.0008433171906413286,PSEUDO_DRIFT
705,3525-3529,5,227.0913747023319,0.2779326497512593,REAL_DRIFT
706,3530-3534,5,619.0273046539556,0.7578383998364895,REAL_DRIFT
707,3535-3539,5,118.21107048305733,0.1446142166279974,REAL_DRIFT
708,3540-3544,5,112.39851217460364,0.13749703256355886,REAL_DRIFT
709,3545-3549,5,565.8928305059255,0.6927779199908627,REAL_DRIFT
710,3550-3554,5,246.14437624044103,0.3012620877939769,REAL_DRIFT
711,3555-3559,5,0.8421192951004434,0.0009018640413756627,PSEUDO_DRIFT
712,3560-3564,5,604.6602984765088,0.7402467264297727,REAL_DRIFT
713,3565-3569,5,351.2863563084702,0.43000313181160976,REAL_DRIFT
714,3570-3574,5,0.4457065418093187,0.00041647664722935484,PSEUDO_DRIFT
715,3575-3579,5,508.8234895212071,0.6228993944483804,REAL_DRIFT
716,3580-3584,5,514.9562916291286,0.6304087008701968,REAL_DRIFT
717,3585-3589,5,0.5203102678917529,0.0005078251416865045,PSEUDO_DRIFT
718,3590-3594,5,440.09443875001153,0.5387441431881359,REAL_DRIFT
719,3595-3599,5,678.6505879206791,0.8308440987072023,REAL_DRIFT
