block_range,total_blocks,avg_FDDS,avg_FDDS_scaled,final_drift
0-4,5,0.023688355798690212,0.010977873066430917,REAL_DRIFT
5-9,5,0.05531769166643306,0.03804386204705475,REAL_DRIFT
10-14,5,0.042801736686835366,0.027333656149078376,REAL_DRIFT
15-19,5,0.056797528695619895,0.039310194444692546,REAL_DRIFT
20-24,5,0.014177613180051469,0.002839300192501152,PSEUDO_DRIFT
25-29,5,0.015410494927265294,0.003894306972410596,PSEUDO_DRIFT
30-34,5,0.025676030842512364,0.012678774756498258,REAL_DRIFT
35-39,5,0.0451090076086828,0.029308043774767492,REAL_DRIFT
40-44,5,0.023488944242770267,0.01080723176692002,REAL_DRIFT
45-49,5,0.025753135824483353,0.012744755357580252,REAL_DRIFT
50-54,5,0.0248622370727079,0.011982391712031894,REAL_DRIFT
55-59,5,0.02626559377851647,0.013183278044078988,REAL_DRIFT
60-64,5,0.03174160570749547,0.01786923411812561,REAL_DRIFT
65-69,5,0.0368799130279535,0.02226620817714813,REAL_DRIFT
70-74,5,0.016464341135291036,0.004796108703972924,PSEUDO_DRIFT
75-79,5,0.015457263873143928,0.0039343282924623225,PSEUDO_DRIFT
80-84,5,0.01549361469168654,0.003965434568554398,PSEUDO_DRIFT
85-89,5,0.02205756961125858,0.009582369817063199,PSEUDO_DRIFT
90-94,5,0.02654601044834739,0.013423237382060766,REAL_DRIFT
95-99,5,0.01657667761455404,0.004892237750835252,PSEUDO_DRIFT
100-104,5,0.08537836156952858,0.06376750555792357,REAL_DRIFT
105-109,5,0.09180236686754017,0.06926468252472717,REAL_DRIFT
110-114,5,0.09082457626610937,0.06842796341831452,REAL_DRIFT
115-119,5,0.08701502106236321,0.06516803473701623,REAL_DRIFT
120-124,5,0.08767552056260977,0.06573324016118742,REAL_DRIFT
125-129,5,0.08929341778288284,0.06711771400909873,REAL_DRIFT
130-134,5,0.09713628357067769,0.07382904427150412,REAL_DRIFT
135-139,5,0.09692633592400243,0.07364938698387781,REAL_DRIFT
140-144,5,0.08696810189815814,0.06512788487150326,REAL_DRIFT
145-149,5,0.09715525612643826,0.07384527954711335,REAL_DRIFT
150-154,5,0.09560729228067216,0.07252064938203176,REAL_DRIFT
155-159,5,0.08766184687631749,0.06572153925655702,REAL_DRIFT
160-164,5,0.08514344359514779,0.06356648055592772,REAL_DRIFT
165-169,5,0.07393657820211644,0.053976494332269226,REAL_DRIFT
170-174,5,0.08944344059941992,0.06724609216778703,REAL_DRIFT
175-179,5,0.09585598461412084,0.0727334614367911,REAL_DRIFT
180-184,5,0.09187681198708827,0.06932838701709387,REAL_DRIFT
185-189,5,0.0934117027843242,0.07064183025782965,REAL_DRIFT
190-194,5,0.08675388003293462,0.06494457003151441,REAL_DRIFT
195-199,5,0.09470319600564443,0.07174699229610226,REAL_DRIFT
200-204,5,0.03762260847560617,0.02290175066486212,REAL_DRIFT
205-209,5,0.02628117922691432,0.013196614889859062,REAL_DRIFT
210-214,5,0.02898120174308925,0.015507089569940988,REAL_DRIFT
215-219,5,0.024961975650037015,0.012067740429002142,REAL_DRIFT
220-224,5,0.02314233178599944,0.010510627090339574,REAL_DRIFT
225-229,5,0.02188046108153632,0.00943081375740132,PSEUDO_DRIFT
230-234,5,0.026926767510675197,0.013749060424831932,REAL_DRIFT
235-239,5,0.02979613288363061,0.016204445890101803,REAL_DRIFT
240-244,5,0.025282307025677415,0.012341855747751953,REAL_DRIFT
245-249,5,0.03458004563092331,0.020298155927009075,REAL_DRIFT
250-254,5,0.038505564332035655,0.023657317382431747,REAL_DRIFT
255-259,5,0.031889271292911206,0.017995595137035136,REAL_DRIFT
260-264,5,0.02823675350991846,0.014870047181194702,REAL_DRIFT
265-269,5,0.03047858276944441,0.016788434790991187,REAL_DRIFT
270-274,5,0.025563734253330344,0.012582679844544638,REAL_DRIFT
275-279,5,0.027118212537238524,0.013912884572168605,REAL_DRIFT
280-284,5,0.02829394005927386,0.014918983096927022,REAL_DRIFT
285-289,5,0.021228734893282794,0.008873115868852113,PSEUDO_DRIFT
290-294,5,0.019210613595335713,0.007146160581513796,PSEUDO_DRIFT
295-299,5,0.020447954829247474,0.008204983452229897,PSEUDO_DRIFT
300-304,5,0.020333472467258133,0.008107018121530704,PSEUDO_DRIFT
305-309,5,0.02287886745651298,0.010285174280692045,REAL_DRIFT
310-314,5,0.02186903211519279,0.009421033714013517,PSEUDO_DRIFT
315-319,5,0.019583334133392513,0.00746510657576674,PSEUDO_DRIFT
320-324,5,0.022007154005909007,0.009539227962155183,PSEUDO_DRIFT
325-329,5,0.02190911465243818,0.00945533331220728,PSEUDO_DRIFT
330-334,5,0.02254370177677243,0.009998364888535548,PSEUDO_DRIFT
335-339,5,0.018899183987117825,0.00687966272080905,PSEUDO_DRIFT
340-344,5,0.02115103219839643,0.008806623790347742,PSEUDO_DRIFT
345-349,5,0.023044594060559698,0.010426990550805362,REAL_DRIFT
350-354,5,0.023380082347356786,0.010714076005635887,REAL_DRIFT
355-359,5,0.022014268674472183,0.00954531615641057,PSEUDO_DRIFT
360-364,5,0.01813440258069442,0.006225220743102136,PSEUDO_DRIFT
365-369,5,0.016089217631696424,0.004475106433893032,PSEUDO_DRIFT
370-374,5,0.01219493347969455,0.0011426731388583563,PSEUDO_DRIFT
375-379,5,0.016564219667572516,0.004881577183786577,PSEUDO_DRIFT
380-384,5,0.015396098814716475,0.003881987870130376,PSEUDO_DRIFT
385-389,5,0.01248452665396548,0.001390485034007081,PSEUDO_DRIFT
390-394,5,0.012290127986640151,0.0012241333847130046,PSEUDO_DRIFT
395-399,5,0.010859604756924712,0.0,PSEUDO_DRIFT
400-404,5,0.019379053747809443,0.007290298900756789,PSEUDO_DRIFT
405-409,5,0.021987111081990092,0.009522076746581223,PSEUDO_DRIFT
410-414,5,0.023324452308013992,0.010666472033230658,REAL_DRIFT
415-419,5,0.022177469766748857,0.009684971284917113,PSEUDO_DRIFT
420-424,5,0.011748222563207641,0.0007604117852303247,PSEUDO_DRIFT
425-429,5,0.01655060311073252,0.004869925166212562,PSEUDO_DRIFT
430-434,5,0.02035807026718405,0.00812806705485407,PSEUDO_DRIFT
435-439,5,0.01660843995890342,0.004919417558395987,PSEUDO_DRIFT
440-444,5,0.018544617090356093,0.006576251237217509,PSEUDO_DRIFT
445-449,5,0.02054499932040663,0.00828802677439534,PSEUDO_DRIFT
450-454,5,0.02492540098864963,0.012036442605164791,REAL_DRIFT
455-459,5,0.025322991310238567,0.012376670275702243,REAL_DRIFT
460-464,5,0.03203177489332931,0.018117538920323653,REAL_DRIFT
465-469,5,0.026396480801571233,0.013295281240684825,REAL_DRIFT
470-474,5,0.01906598284153598,0.007022396541542435,PSEUDO_DRIFT
475-479,5,0.030162132131978346,0.016517640313915147,REAL_DRIFT
480-484,5,0.03124403398104979,0.017443449937219576,REAL_DRIFT
485-489,5,0.035511273182981126,0.02109502990399811,REAL_DRIFT
490-494,5,0.023969287353969252,0.011218273004364695,REAL_DRIFT
495-499,5,0.01936132091405695,0.007275124485304402,PSEUDO_DRIFT
500-504,5,0.02235088789378612,0.009833369377594674,PSEUDO_DRIFT
505-509,5,0.012575464848166382,0.0014683030499291175,PSEUDO_DRIFT
510-514,5,0.016622319017252488,0.004931294204870894,PSEUDO_DRIFT
515-519,5,0.02280466974237815,0.01022168149913134,REAL_DRIFT
520-524,5,0.023006039378351474,0.01039399837518199,REAL_DRIFT
525-529,5,0.022438171838658615,0.009908060363835508,PSEUDO_DRIFT
530-534,5,0.017263860797817634,0.0054802770490252235,PSEUDO_DRIFT
535-539,5,0.019814752327082696,0.007663136730637056,PSEUDO_DRIFT
540-544,5,0.01787456194151881,0.006002868813044138,PSEUDO_DRIFT
545-549,5,0.13707014640750687,0.1080014181719522,REAL_DRIFT
550-554,5,0.02435210135163035,0.011545856216533585,REAL_DRIFT
555-559,5,0.023473447412198273,0.010793970753560459,REAL_DRIFT
560-564,5,0.025498095575291157,0.0125265112375293,REAL_DRIFT
565-569,5,0.026498898322412347,0.013382922394520604,REAL_DRIFT
570-574,5,0.02720485469051543,0.013987026361792517,REAL_DRIFT
575-579,5,0.03304762250533959,0.01898682433268996,REAL_DRIFT
580-584,5,0.02882646933117718,0.01537468129639173,REAL_DRIFT
585-589,5,0.023595565731852508,0.010898470358228562,REAL_DRIFT
590-594,5,0.035280523745035666,0.02089757201962039,REAL_DRIFT
595-599,5,0.02696446058848372,0.013781315304696536,REAL_DRIFT
600-604,5,0.02923065229142626,0.015720550447549414,REAL_DRIFT
605-609,5,0.02534061229887826,0.012391748982581956,REAL_DRIFT
610-614,5,0.0183774962677919,0.006433241900541289,PSEUDO_DRIFT
615-619,5,0.028748303407996733,0.015307792822213557,REAL_DRIFT
620-624,5,0.022103764238182878,0.00962189967847177,PSEUDO_DRIFT
625-629,5,0.02589271536029821,0.012864196947946948,REAL_DRIFT
630-634,5,0.02650636984927048,0.013389315961064532,REAL_DRIFT
635-639,5,0.06514105577500773,0.04644995270375091,REAL_DRIFT
640-644,5,0.02595900831828954,0.012920925438168461,REAL_DRIFT
645-649,5,0.030423060963317726,0.01674092343637113,REAL_DRIFT
650-654,5,0.03036057082257928,0.016687449109003123,REAL_DRIFT
655-659,5,0.025373474086480392,0.012419869610370097,REAL_DRIFT
660-664,5,0.028695461475995276,0.015262574700807318,REAL_DRIFT
665-669,5,0.02185145237341044,0.009405990303068915,PSEUDO_DRIFT
670-674,5,0.021431144936826838,0.009046323046866806,PSEUDO_DRIFT
675-679,5,0.023935154966773925,0.011189065093722054,REAL_DRIFT
680-684,5,0.02867119033994143,0.015241805301673312,REAL_DRIFT
685-689,5,0.025278550609192606,0.012338641291159832,REAL_DRIFT
690-694,5,0.02919739197599014,0.015692088789838663,REAL_DRIFT
695-699,5,0.029238823680142502,0.01572754290284076,REAL_DRIFT
700-704,5,0.017424423106512488,0.005617674106491438,PSEUDO_DRIFT
705-709,5,0.030609693987620222,0.016900629836793645,REAL_DRIFT
710-714,5,0.03409793151486264,0.019885599197798417,REAL_DRIFT
715-719,5,0.045654392187679735,0.029774742571955566,REAL_DRIFT
720-724,5,0.03343405179128812,0.01931750123463338,REAL_DRIFT
725-729,5,0.027092950728860154,0.013891267430725654,REAL_DRIFT
730-734,5,0.020631282881839505,0.008361861708290771,PSEUDO_DRIFT
735-739,5,0.016025845017780902,0.00442087695284787,PSEUDO_DRIFT
740-744,5,0.08578332603595935,0.06411404346285436,REAL_DRIFT
745-749,5,0.04884624082614697,0.0325060847802717,REAL_DRIFT
750-754,5,0.09546079226449275,0.0723952857689558,REAL_DRIFT
755-759,5,0.02832639714656781,0.014946757412856846,REAL_DRIFT
760-764,5,0.02187129693125149,0.009422971771984265,PSEUDO_DRIFT
765-769,5,0.024744452857946547,0.011881600905922256,REAL_DRIFT
770-774,5,0.021295738405192742,0.00893045239727626,PSEUDO_DRIFT
775-779,5,0.022289385152225238,0.009780739991624458,PSEUDO_DRIFT
780-784,5,0.040371448570083304,0.025253999729392494,REAL_DRIFT
785-789,5,0.03475982348668314,0.020451996193630615,REAL_DRIFT
790-794,5,0.025983448769165675,0.01294183972409786,REAL_DRIFT
795-799,5,0.02905227338578693,0.015567907296438118,REAL_DRIFT
800-804,5,0.026176374037059035,0.013106930549802201,REAL_DRIFT
805-809,5,0.03186555461864452,0.017975300204285262,REAL_DRIFT
810-814,5,0.024331542594617547,0.011528263590084183,REAL_DRIFT
815-819,5,0.02356594754346682,0.010873125356872064,REAL_DRIFT
820-824,5,0.023111733313331252,0.010484443235973358,REAL_DRIFT
825-829,5,0.02646530463095585,0.013354175458872571,REAL_DRIFT
830-834,5,0.020369346392510722,0.008137716308480893,PSEUDO_DRIFT
835-839,5,0.01466675026821836,0.003257866649087465,PSEUDO_DRIFT
840-844,5,0.023210877853636798,0.010569283621070904,REAL_DRIFT
845-849,5,0.023930385541922932,0.011184983781329007,REAL_DRIFT
850-854,5,0.03616025139007951,0.021650376278497984,REAL_DRIFT
855-859,5,0.02199708401556057,0.009530610827450063,PSEUDO_DRIFT
860-864,5,0.017938558237516628,0.006057631993956961,PSEUDO_DRIFT
865-869,5,0.022566033235712785,0.010017474458971307,REAL_DRIFT
870-874,5,0.01690407416089679,0.0051723989073217645,PSEUDO_DRIFT
875-879,5,0.017451426726326817,0.005640781758178712,PSEUDO_DRIFT
880-884,5,0.019367393048777427,0.0072803205580933,PSEUDO_DRIFT
885-889,5,0.016548518537384406,0.004868141346295972,PSEUDO_DRIFT
890-894,5,0.02016831647240198,0.007965690135525805,PSEUDO_DRIFT
895-899,5,0.022117598629385008,0.0096337381021869,PSEUDO_DRIFT
900-904,5,0.021450938123807238,0.009063260556492144,PSEUDO_DRIFT
905-909,5,0.1463327066897301,0.11592761540793954,REAL_DRIFT
910-914,5,0.17194563108681796,0.13784521533453586,REAL_DRIFT
915-919,5,0.1797827242604711,0.14455160583116805,REAL_DRIFT
920-924,5,0.16029824471375612,0.12787826463583765,REAL_DRIFT
925-929,5,0.17889691130692917,0.14379359422638088,REAL_DRIFT
930-934,5,0.17937935109168313,0.1442064296381823,REAL_DRIFT
935-939,5,0.1577988375486964,0.12573946137197936,REAL_DRIFT
940-944,5,0.17443666113229525,0.1399768500942164,REAL_DRIFT
945-949,5,0.17705365541854345,0.1422162755064391,REAL_DRIFT
950-954,5,0.16864727633039736,0.13502273326078124,REAL_DRIFT
955-959,5,0.1713284921018204,0.13731711455375115,REAL_DRIFT
960-964,5,0.16484483232627442,0.13176888980528237,REAL_DRIFT
965-969,5,0.18707307705764312,0.15079013734185825,REAL_DRIFT
970-974,5,0.17134296382985353,0.1373294983620332,REAL_DRIFT
975-979,5,0.17283360826703403,0.13860507892052043,REAL_DRIFT
980-984,5,0.1611532309816232,0.12860989709885992,REAL_DRIFT
985-989,5,0.15373917578001853,0.12226551044377934,REAL_DRIFT
990-994,5,0.1737140797424998,0.13935851969311075,REAL_DRIFT
995-999,5,0.17188463725488715,0.13779302143486535,REAL_DRIFT
1000-1004,5,0.167071550036224,0.1336743460960014,REAL_DRIFT
1005-1009,5,0.17257612190518273,0.13838474160260553,REAL_DRIFT
1010-1014,5,0.1331441778129895,0.10464187173184337,REAL_DRIFT
1015-1019,5,0.11261059163207414,0.08707078457309786,REAL_DRIFT
1020-1024,5,0.09990684213520043,0.07619987835702224,REAL_DRIFT
1025-1029,5,0.08437378866890662,0.0629078681892428,REAL_DRIFT
1030-1034,5,0.0776228169780616,0.05713089815873187,REAL_DRIFT
1035-1039,5,0.05855755173982167,0.040816288803398056,REAL_DRIFT
1040-1044,5,0.049261336312162604,0.03286129204410375,REAL_DRIFT
1045-1049,5,0.03631773696664674,0.02178514050174312,REAL_DRIFT
1050-1054,5,0.029195095127860636,0.015690123321248892,REAL_DRIFT
1055-1059,5,0.020721204027939012,0.00843880941151259,PSEUDO_DRIFT
1060-1064,5,0.02988017415819589,0.016276362044801127,REAL_DRIFT
1065-1069,5,0.025534401250450783,0.012557578883334876,REAL_DRIFT
1070-1074,5,0.026344711522345944,0.01325098101424613,REAL_DRIFT
1075-1079,5,0.02371793559982633,0.011003185218887957,REAL_DRIFT
1080-1084,5,0.027341884041756755,0.014104285697436747,REAL_DRIFT
1085-1089,5,0.021000984435865667,0.00867822428476828,PSEUDO_DRIFT
1090-1094,5,0.03846921458832271,0.023626212026097458,REAL_DRIFT
1095-1099,5,0.027680185441709533,0.014393778401347415,REAL_DRIFT
1100-1104,5,0.023775404197360288,0.011052362490079803,REAL_DRIFT
1105-1109,5,0.03564226237108061,0.02120712052570785,REAL_DRIFT
1110-1114,5,0.027546422185808883,0.014279313942613342,REAL_DRIFT
1115-1119,5,0.0282643455458468,0.014893658354806194,REAL_DRIFT
1120-1124,5,0.025926887503086044,0.012893438878413247,REAL_DRIFT
1125-1129,5,0.023629042788989255,0.010927117487063506,REAL_DRIFT
1130-1134,5,0.02146856964459088,0.009078348275982593,PSEUDO_DRIFT
1135-1139,5,0.024720632744737153,0.011861217457963105,REAL_DRIFT
1140-1144,5,0.031682125352014937,0.017818335336920357,REAL_DRIFT
1145-1149,5,0.026225331834600168,0.013148824923250469,REAL_DRIFT
1150-1154,5,0.03032701171357242,0.01665873176639507,REAL_DRIFT
1155-1159,5,0.04298710849960994,0.027492283300241286,REAL_DRIFT
1160-1164,5,0.02944017510175883,0.015899844192424854,REAL_DRIFT
1165-1169,5,0.028913333795853046,0.015449013323265632,REAL_DRIFT
1170-1174,5,0.032140027074182335,0.01821017293408695,REAL_DRIFT
1175-1179,5,0.024906930592038308,0.012020637039305292,REAL_DRIFT
1180-1184,5,0.028109747412818808,0.014761364986951192,REAL_DRIFT
1185-1189,5,0.027941471793852302,0.014617367463016456,REAL_DRIFT
1190-1194,5,0.021264763778131936,0.008903946658483252,PSEUDO_DRIFT
1195-1199,5,0.021703446037106562,0.009279337695369089,PSEUDO_DRIFT
1200-1204,5,0.020634000774560773,0.008364187474938289,PSEUDO_DRIFT
1205-1209,5,0.020211166450249764,0.008002357899689354,PSEUDO_DRIFT
1210-1214,5,0.021654446946068405,0.009237407986075008,PSEUDO_DRIFT
1215-1219,5,0.021577409939688996,0.00917148555335356,PSEUDO_DRIFT
1220-1224,5,0.02028515468826497,0.008065671427459554,PSEUDO_DRIFT
1225-1229,5,0.020819678885546943,0.008523076732901496,PSEUDO_DRIFT
1230-1234,5,0.023082915262102172,0.010459782931366558,REAL_DRIFT
1235-1239,5,0.02155257920434004,0.009150237291545413,PSEUDO_DRIFT
1240-1244,5,0.019070229456562053,0.007026030472902275,PSEUDO_DRIFT
1245-1249,5,0.021680416143036365,0.009259630457071854,PSEUDO_DRIFT
1250-1254,5,0.023226648727844076,0.010582779140208385,REAL_DRIFT
1255-1259,5,0.02180456940560639,0.00936587141169322,PSEUDO_DRIFT
1260-1264,5,0.02419563643520574,0.01141196539689985,REAL_DRIFT
1265-1269,5,0.01762558643163444,0.005789814437348309,PSEUDO_DRIFT
1270-1274,5,0.016547635120480065,0.004867385385048535,PSEUDO_DRIFT
1275-1279,5,0.015536550253741916,0.004002175569197818,PSEUDO_DRIFT
1280-1284,5,0.015681462545781066,0.004126180528261427,PSEUDO_DRIFT
1285-1289,5,0.014416871602041591,0.003044039420671618,PSEUDO_DRIFT
1290-1294,5,0.013087932254896639,0.001906833825329803,PSEUDO_DRIFT
1295-1299,5,0.011826523601518191,0.0008274158806987382,PSEUDO_DRIFT
1300-1304,5,0.013011588216876733,0.0018415043824220106,PSEUDO_DRIFT
1305-1309,5,0.016228247302057883,0.004594077491069756,PSEUDO_DRIFT
1310-1314,5,0.02277661348999347,0.010197673084251666,REAL_DRIFT
1315-1319,5,0.022760759226152064,0.010184106206583991,REAL_DRIFT
1320-1324,5,0.023421415475898006,0.010749445765099357,REAL_DRIFT
1325-1329,5,0.011414782770759427,0.00047507927664265995,PSEUDO_DRIFT
1330-1334,5,0.014917632087583297,0.0034725522999896515,PSEUDO_DRIFT
1335-1339,5,0.022230685455483158,0.009730509239014588,PSEUDO_DRIFT
1340-1344,5,0.01566616862209756,0.004113093147242135,PSEUDO_DRIFT
1345-1349,5,0.02112806222668896,0.008786967829068019,PSEUDO_DRIFT
1350-1354,5,0.01690510637875068,0.005173282201146706,PSEUDO_DRIFT
1355-1359,5,0.026226400553340645,0.013149739451768365,REAL_DRIFT
1360-1364,5,0.024767782330206538,0.01190156450053433,REAL_DRIFT
1365-1369,5,0.028639445256327813,0.015214640264542344,REAL_DRIFT
1370-1374,5,0.027796300921200147,0.01449314123025771,REAL_DRIFT
1375-1379,5,0.020325051495306248,0.008099812091818006,PSEUDO_DRIFT
1380-1384,5,0.03083426696856146,0.01709280237727687,REAL_DRIFT
1385-1389,5,0.03198686287899022,0.018079106621577877,REAL_DRIFT
1390-1394,5,0.03133410103564267,0.017520522497874075,REAL_DRIFT
1395-1399,5,0.02985616666396978,0.01625581825036632,REAL_DRIFT
1400-1404,5,0.020875844710722895,0.008571139190224552,PSEUDO_DRIFT
1405-1409,5,0.02207428256988229,0.009596671500659543,PSEUDO_DRIFT
1410-1414,5,0.013555027023815669,0.0023065381353201634,PSEUDO_DRIFT
1415-1419,5,0.017174602540564462,0.00540389659584891,PSEUDO_DRIFT
1420-1424,5,0.018708577969084476,0.006716556533397997,PSEUDO_DRIFT
1425-1429,5,0.023544730140943004,0.010854969111501996,REAL_DRIFT
1430-1434,5,0.02282171056458593,0.010236263743539666,REAL_DRIFT
1435-1439,5,0.01862446804105266,0.006644581630264102,PSEUDO_DRIFT
1440-1444,5,0.020289197563276625,0.00806913101355308,PSEUDO_DRIFT
1445-1449,5,0.019175106873439783,0.0071157766193720735,PSEUDO_DRIFT
1450-1454,5,0.1432597312501746,0.11329799587585315,REAL_DRIFT
1455-1459,5,0.027075828217745908,0.013876615283140999,REAL_DRIFT
1460-1464,5,0.02174329903347117,0.009313440869870121,PSEUDO_DRIFT
1465-1469,5,0.026356982292765417,0.013261481409775963,REAL_DRIFT
1470-1474,5,0.02573494520069375,0.012729189200102308,REAL_DRIFT
1475-1479,5,0.025404386038822686,0.012446321716888063,REAL_DRIFT
1480-1484,5,0.03249793133414883,0.018516440280226542,REAL_DRIFT
1485-1489,5,0.02994641795541303,0.016333048466957156,REAL_DRIFT
1490-1494,5,0.026007029799988052,0.012962018583466234,REAL_DRIFT
1495-1499,5,0.02671938882931869,0.013571601463066761,REAL_DRIFT
1500-1504,5,0.0342867520739223,0.020047177524709674,REAL_DRIFT
1505-1509,5,0.028186477759767303,0.014827025003768219,REAL_DRIFT
1510-1514,5,0.02647990853570669,0.013366672373974209,REAL_DRIFT
1515-1519,5,0.021042521592575837,0.008713768636078876,PSEUDO_DRIFT
1520-1524,5,0.026194811015558584,0.01312270751897384,REAL_DRIFT
1525-1529,5,0.023761842946503582,0.011040757799175578,REAL_DRIFT
1530-1534,5,0.024563549448459975,0.011726797475708145,REAL_DRIFT
1535-1539,5,0.02890653629188613,0.015443196534439159,REAL_DRIFT
1540-1544,5,0.06381534755741682,0.04531551206424851,REAL_DRIFT
1545-1549,5,0.023725982201740166,0.011010070891089296,REAL_DRIFT
1550-1554,5,0.03160817264337354,0.017755052212496087,REAL_DRIFT
1555-1559,5,0.030182383618214785,0.016534970001317015,REAL_DRIFT
1560-1564,5,0.028710740650667234,0.015275649460740105,REAL_DRIFT
1565-1569,5,0.025355452952694434,0.012404448489594478,REAL_DRIFT
1570-1574,5,0.02406323080788154,0.011298662693829686,REAL_DRIFT
1575-1579,5,0.020381486298137845,0.008148104719837472,PSEUDO_DRIFT
1580-1584,5,0.022179292941795686,0.009686531419974439,PSEUDO_DRIFT
1585-1589,5,0.028866373053916216,0.015408827878680297,REAL_DRIFT
1590-1594,5,0.026458676300713146,0.013348503436100449,REAL_DRIFT
1595-1599,5,0.02773788745024569,0.014443155407988652,REAL_DRIFT
1600-1604,5,0.03002544003697557,0.016400669576604892,REAL_DRIFT
1605-1609,5,0.025021076513405387,0.012118314469613126,REAL_DRIFT
1610-1614,5,0.02663516296807626,0.013499527353075849,REAL_DRIFT
1615-1619,5,0.03936339487246112,0.02439138375838993,REAL_DRIFT
1620-1624,5,0.019473606574499563,0.007371210045270943,PSEUDO_DRIFT
1625-1629,5,0.05894057285225448,0.04114404924869483,REAL_DRIFT
1630-1634,5,0.021173045529786265,0.008825461131331296,PSEUDO_DRIFT
1635-1639,5,0.023340384862959078,0.010680105906492494,REAL_DRIFT
1640-1644,5,0.019640921656425656,0.0075143856143894275,PSEUDO_DRIFT
1645-1649,5,0.04518393409322806,0.0293721601828242,REAL_DRIFT
1650-1654,5,0.08661803421000808,0.06482832346972228,REAL_DRIFT
1655-1659,5,0.09223557777473511,0.06963539159334162,REAL_DRIFT
1660-1664,5,0.03251057487365749,0.018527259663297005,REAL_DRIFT
1665-1669,5,0.020565444187254738,0.008305521942271615,PSEUDO_DRIFT
1670-1674,5,0.023567207716503363,0.010874203717469435,REAL_DRIFT
1675-1679,5,0.0211832458185947,0.008834189765585353,PSEUDO_DRIFT
1680-1684,5,0.024175602100757913,0.011394821531544396,REAL_DRIFT
1685-1689,5,0.04023707822737296,0.025139015771767578,REAL_DRIFT
1690-1694,5,0.02423512216662755,0.011445754293891662,REAL_DRIFT
1695-1699,5,0.03499923281685501,0.02065686455758823,REAL_DRIFT
1700-1704,5,0.027203836901117717,0.013986155414747082,REAL_DRIFT
1705-1709,5,0.029341442991089022,0.015815356733358474,REAL_DRIFT
1710-1714,5,0.02947369746048221,0.015928530086924995,REAL_DRIFT
1715-1719,5,0.02579723330026045,0.012782490635944839,REAL_DRIFT
1720-1724,5,0.024051849521169226,0.01128892345105744,REAL_DRIFT
1725-1729,5,0.023473099745218984,0.010793673246503412,REAL_DRIFT
1730-1734,5,0.023897352844389562,0.011156716901772099,REAL_DRIFT
1735-1739,5,0.02233515596745304,0.009819907187096725,PSEUDO_DRIFT
1740-1744,5,0.015372092157879255,0.0038614447922695324,PSEUDO_DRIFT
1745-1749,5,0.021653602747593193,0.009236685584987515,PSEUDO_DRIFT
1750-1754,5,0.02348485840061664,0.010803735412802152,REAL_DRIFT
1755-1759,5,0.0270985725969685,0.01389607819946602,REAL_DRIFT
1760-1764,5,0.032493141344110424,0.018512341369704397,REAL_DRIFT
1765-1769,5,0.017093903306508566,0.005334840306180519,PSEUDO_DRIFT
1770-1774,5,0.017578333458744995,0.0057493789236569915,PSEUDO_DRIFT
1775-1779,5,0.020140186415207935,0.0079416185640827,PSEUDO_DRIFT
1780-1784,5,0.017004044166867495,0.005257945663387404,PSEUDO_DRIFT
1785-1789,5,0.020609389344089908,0.008343126877627387,PSEUDO_DRIFT
1790-1794,5,0.01750076561621484,0.005683002241580874,PSEUDO_DRIFT
1795-1799,5,0.015400743126338743,0.0038859621201025062,PSEUDO_DRIFT
1800-1804,5,0.024601013647996738,0.01175885649889061,REAL_DRIFT
1805-1809,5,0.021133170097924397,0.008791338758231721,PSEUDO_DRIFT
1810-1814,5,0.023631276649619056,0.010929029055723792,REAL_DRIFT
1815-1819,5,0.0375514795454695,0.022840883916115554,REAL_DRIFT
1820-1824,5,0.19485535201158793,0.15744961855981426,REAL_DRIFT
1825-1829,5,0.13289418900981664,0.1044279502565317,REAL_DRIFT
1830-1834,5,0.049053791820095255,0.03268369119409624,REAL_DRIFT
1835-1839,5,0.07206305713285857,0.05237327696382567,REAL_DRIFT
1840-1844,5,0.09372967492695419,0.07091392672373571,REAL_DRIFT
1845-1849,5,0.04777349435037177,0.031588109631702554,REAL_DRIFT
1850-1854,5,0.09512929325897915,0.07211161403876722,REAL_DRIFT
1855-1859,5,0.1594038292956507,0.12711289169371304,REAL_DRIFT
1860-1864,5,0.04676578296553631,0.030725786586044745,REAL_DRIFT
1865-1869,5,0.08509868123111372,0.0635281763165735,REAL_DRIFT
1870-1874,5,0.21901095929633554,0.17812015692720465,REAL_DRIFT
1875-1879,5,0.09772513174370873,0.07433293591909236,REAL_DRIFT
1880-1884,5,0.042770924295223514,0.02730728923908949,REAL_DRIFT
1885-1889,5,0.10194817642114343,0.07794669756056581,REAL_DRIFT
1890-1894,5,0.056664614311819336,0.03919645638638001,REAL_DRIFT
1895-1899,5,0.0199916503968058,0.007814512694578876,PSEUDO_DRIFT
1900-1904,5,0.14496576063990804,0.11475788655633493,REAL_DRIFT
1905-1909,5,0.1224940192365235,0.0955282730183622,REAL_DRIFT
1910-1914,5,0.02678329605526552,0.013626288424579068,REAL_DRIFT
1915-1919,5,0.08964849182311416,0.06742155946764367,REAL_DRIFT
1920-1924,5,0.105428211501717,0.08092464788923676,REAL_DRIFT
1925-1929,5,0.03175719287757605,0.017882572437191307,REAL_DRIFT
1930-1934,5,0.03862775974033237,0.023761882953718835,REAL_DRIFT
1935-1939,5,0.057118652675586565,0.03958498801416664,REAL_DRIFT
1940-1944,5,0.02202641633473758,0.009555711203598992,PSEUDO_DRIFT
1945-1949,5,0.04577358290382648,0.029876736955375755,REAL_DRIFT
1950-1954,5,0.10760990720846401,0.08279157776107485,REAL_DRIFT
1955-1959,5,0.04458870866510438,0.028862811363552506,REAL_DRIFT
1960-1964,5,0.031432178949131626,0.017604450144563674,REAL_DRIFT
1965-1969,5,0.1143474742452408,0.08855707710434729,REAL_DRIFT
1970-1974,5,0.07326451229475725,0.05340139125331435,REAL_DRIFT
1975-1979,5,0.02500900977706009,0.012107988670983665,REAL_DRIFT
1980-1984,5,0.13866076944934289,0.109362552844608,REAL_DRIFT
1985-1989,5,0.10892899229912387,0.08392035083040496,REAL_DRIFT
1990-1994,5,0.023430486715920056,0.010757208244953631,REAL_DRIFT
1995-1999,5,0.09707147082662546,0.07377358243621118,REAL_DRIFT
2000-2004,5,0.1145537074072253,0.08873355581743353,REAL_DRIFT
2005-2009,5,0.025145943949502442,0.012225166559823733,REAL_DRIFT
2010-2014,5,0.06710305781786605,0.04812888538491802,REAL_DRIFT
2015-2019,5,0.10895828390259961,0.0839454163651419,REAL_DRIFT
2020-2024,5,0.0371797500253449,0.022522785959916414,REAL_DRIFT
2025-2029,5,0.035354817224334374,0.02096114674975191,REAL_DRIFT
2030-2034,5,0.06696952247507466,0.04801461595695316,REAL_DRIFT
2035-2039,5,0.03173166480420335,0.01786072744634195,REAL_DRIFT
2040-2044,5,0.035872809826701504,0.021404405568917054,REAL_DRIFT
2045-2049,5,0.1444638272412339,0.1143283699868335,REAL_DRIFT
2050-2054,5,0.07378621217496131,0.053847822479940154,REAL_DRIFT
2055-2059,5,0.028139973721152976,0.014787230371280423,REAL_DRIFT
2060-2064,5,0.228141799009897,0.18593363768141605,REAL_DRIFT
2065-2069,5,0.14955061466975275,0.11868125722615991,REAL_DRIFT
2070-2074,5,0.030006597344732953,0.01638454542835415,REAL_DRIFT
2075-2079,5,0.06578782466084492,0.04700340850852272,REAL_DRIFT
2080-2084,5,0.07470060547458976,0.054630290979284776,REAL_DRIFT
2085-2089,5,0.027328666295430883,0.014092974951681584,REAL_DRIFT
2090-2094,5,0.07954077142303016,0.058772138243250976,REAL_DRIFT
2095-2099,5,0.12812682385451885,0.10034840039499018,REAL_DRIFT
2100-2104,5,0.03605407352490218,0.02155951730691248,REAL_DRIFT
2105-2109,5,0.03290075608017098,0.018861147174565013,REAL_DRIFT
2110-2114,5,0.06422219881711488,0.04566366454388914,REAL_DRIFT
2115-2119,5,0.03552073211449165,0.02110312414085161,REAL_DRIFT
2120-2124,5,0.019713850599565035,0.007576792677871024,PSEUDO_DRIFT
2125-2129,5,0.04485677422743294,0.029092201559616317,REAL_DRIFT
2130-2134,5,0.03571721633568904,0.02127126044912037,REAL_DRIFT
2135-2139,5,0.023432057525911966,0.010758552425119456,REAL_DRIFT
2140-2144,5,0.06342058003376125,0.0449776999302901,REAL_DRIFT
2145-2149,5,0.05580852093652476,0.03846387654471033,REAL_DRIFT
2150-2154,5,0.021166943967365855,0.008820239876546626,PSEUDO_DRIFT
2155-2159,5,0.12482551673043285,0.09752339190869777,REAL_DRIFT
2160-2164,5,0.15093081279025353,0.11986232619569998,REAL_DRIFT
2165-2169,5,0.025079877210779707,0.01216863165091093,REAL_DRIFT
2170-2174,5,0.05843959766334106,0.04071535264250004,REAL_DRIFT
2175-2179,5,0.10084078192233156,0.07699907325927237,REAL_DRIFT
2180-2184,5,0.023826108741401,0.011095751596825897,REAL_DRIFT
2185-2189,5,0.0843062330819266,0.06285005923680616,REAL_DRIFT
2190-2194,5,0.22460856886253538,0.18291016704534663,REAL_DRIFT
2195-2199,5,0.09298467560551857,0.07027641275541008,REAL_DRIFT
2200-2204,5,0.0335119827904889,0.01938418867867069,REAL_DRIFT
2205-2209,5,0.14078621355961124,0.11118134686254133,REAL_DRIFT
2210-2214,5,0.08045326154044594,0.05955297814346814,REAL_DRIFT
2215-2219,5,0.0225490397226508,0.010002932698145185,REAL_DRIFT
2220-2224,5,0.057818298373761255,0.04018369178829329,REAL_DRIFT
2225-2229,5,0.04544107508934373,0.029592201962912013,REAL_DRIFT
2230-2234,5,0.015185429252415426,0.0037017128218133416,PSEUDO_DRIFT
2235-2239,5,0.10990353782180255,0.08475429304431145,REAL_DRIFT
2240-2244,5,0.1546522377182366,0.12304683966491045,REAL_DRIFT
2245-2249,5,0.013227908097815997,0.0020266145452870836,PSEUDO_DRIFT
2250-2254,5,0.0854270231626035,0.06380914646203402,REAL_DRIFT
2255-2259,5,0.1307998980468576,0.102635814741493,REAL_DRIFT
2260-2264,5,0.03604262449267003,0.02154972009265765,REAL_DRIFT
2265-2269,5,0.03600305153604515,0.021515856554946377,REAL_DRIFT
2270-2274,5,0.06468908893143806,0.04606319372598369,REAL_DRIFT
2275-2279,5,0.038457725463735236,0.023616380503842866,REAL_DRIFT
2280-2284,5,0.05497727484434349,0.037752559125171656,REAL_DRIFT
2285-2289,5,0.19984000977483934,0.16171511097029312,REAL_DRIFT
2290-2294,5,0.12669940921276973,0.0991269271043112,REAL_DRIFT
2295-2299,5,0.029488868333582607,0.01594151217057919,REAL_DRIFT
2300-2304,5,0.09994773002839705,0.07623486711781469,REAL_DRIFT
2305-2309,5,0.07900429781832004,0.058313064782644794,REAL_DRIFT
2310-2314,5,0.015147322110655675,0.0036691036173942134,PSEUDO_DRIFT
2315-2319,5,0.10302233347594676,0.07886587977578319,REAL_DRIFT
2320-2324,5,0.11388013695159453,0.08815716526007224,REAL_DRIFT
2325-2329,5,0.020852057107079002,0.008550783561488202,PSEUDO_DRIFT
2330-2334,5,0.056698226624516866,0.039225219256675124,REAL_DRIFT
2335-2339,5,0.10481814605730158,0.08040260010849766,REAL_DRIFT
2340-2344,5,0.028966270899065245,0.0154943128849826,REAL_DRIFT
2345-2349,5,0.029803329296948466,0.016210604035324188,REAL_DRIFT
2350-2354,5,0.06941668934790099,0.05010871593713057,REAL_DRIFT
2355-2359,5,0.14738468940198196,0.11682782250102156,REAL_DRIFT
2360-2364,5,0.049528036099327974,0.03308951351327201,REAL_DRIFT
2365-2369,5,0.19833721210424,0.160429130595535,REAL_DRIFT
2370-2374,5,0.09850662525541738,0.07500167885017323,REAL_DRIFT
2375-2379,5,0.025459012220573018,0.012493066664031133,REAL_DRIFT
2380-2384,5,0.0704517491259834,0.050994441665454714,REAL_DRIFT
2385-2389,5,0.0692514743774926,0.04996733748431684,REAL_DRIFT
2390-2394,5,0.027692751818640494,0.014404531754530736,REAL_DRIFT
2395-2399,5,0.0472021696142958,0.031099213213654126,REAL_DRIFT
2400-2404,5,0.04840994390765148,0.0321327349370231,REAL_DRIFT
2405-2409,5,0.033420927296125474,0.01930627028615777,REAL_DRIFT
2410-2414,5,0.04835078422430652,0.03208211056273313,REAL_DRIFT
2415-2419,5,0.07677456189624463,0.05640502573468799,REAL_DRIFT
2420-2424,5,0.023642658355625658,0.010938768657296316,REAL_DRIFT
2425-2429,5,0.039738534578098714,0.024712399892950525,REAL_DRIFT
2430-2434,5,0.09156294925453667,0.06905980707294987,REAL_DRIFT
2435-2439,5,0.047807000228492526,0.03161678142335175,REAL_DRIFT
2440-2444,5,0.14966536457835503,0.1187794515029776,REAL_DRIFT
2445-2449,5,0.7109108044120063,0.5990507715674361,REAL_DRIFT
2450-2454,5,0.35171265557542225,0.2916762133748788,REAL_DRIFT
2455-2459,5,0.031917309959849996,0.018019588503622726,REAL_DRIFT
2460-2464,5,0.030209798339707033,0.016558429442669775,REAL_DRIFT
2465-2469,5,0.028467071124368547,0.01506713554374572,REAL_DRIFT
2470-2474,5,0.025688127305541958,0.012689125992971655,REAL_DRIFT
2475-2479,5,0.04127537440222637,0.0260275109632163,REAL_DRIFT
2480-2484,5,0.04557780004084739,0.02970920081632608,REAL_DRIFT
2485-2489,5,0.01726316964346663,0.005479685611502589,PSEUDO_DRIFT
2490-2494,5,0.05518651776657135,0.03793161336301509,REAL_DRIFT
2495-2499,5,0.07522414943458001,0.055078300229659836,REAL_DRIFT
2500-2504,5,0.03253693296207398,0.01854981491812797,REAL_DRIFT
2505-2509,5,0.06169135990755581,0.043497964374771166,REAL_DRIFT
2510-2514,5,0.1407260759571709,0.11112988565918956,REAL_DRIFT
2515-2519,5,0.06812369764000106,0.04900227160758813,REAL_DRIFT
2520-2524,5,0.08660669560443471,0.06481862075023466,REAL_DRIFT
2525-2529,5,0.489627286671486,0.40969310443833457,REAL_DRIFT
2530-2534,5,0.27634464583801865,0.22718198151449642,REAL_DRIFT
2535-2539,5,0.028535108703108037,0.015125356948208069,REAL_DRIFT
2540-2544,5,0.10456011400989525,0.08018179583423307,REAL_DRIFT
2545-2549,5,0.0777211672343377,0.05721505885574242,REAL_DRIFT
2550-2554,5,0.026248844557316808,0.013168945329717874,REAL_DRIFT
2555-2559,5,0.9209701744024013,0.778803663541217,REAL_DRIFT
2560-2564,5,1.1794603859951736,1.0,REAL_DRIFT
2565-2569,5,0.042971427918396386,0.027478865047006047,REAL_DRIFT
2570-2574,5,0.12135969329015509,0.09455760282493096,REAL_DRIFT
2575-2579,5,0.2270185085203879,0.18497241079577348,REAL_DRIFT
2580-2584,5,0.042332008893423444,0.026931698696239605,REAL_DRIFT
2585-2589,5,0.08357307978741994,0.06222268220071534,REAL_DRIFT
2590-2594,5,0.19210421911003897,0.15509540748472506,REAL_DRIFT
2595-2599,5,0.07990615379336419,0.059084804789602985,REAL_DRIFT
2600-2604,5,0.050811025202828264,0.03418739837189827,REAL_DRIFT
2605-2609,5,0.12320399410740597,0.09613581571581802,REAL_DRIFT
2610-2614,5,0.08841989409682657,0.06637021862822906,REAL_DRIFT
2615-2619,5,0.02066559678789336,0.00839122494901828,PSEUDO_DRIFT
2620-2624,5,0.13597301802822953,0.10706257883786001,REAL_DRIFT
2625-2629,5,0.10461654221863706,0.08023008281953016,REAL_DRIFT
2630-2634,5,0.024647349958343487,0.011798507602236314,REAL_DRIFT
2635-2639,5,0.11553893211719339,0.08957663647062644,REAL_DRIFT
2640-2644,5,0.13453988293942648,0.10583621042204867,REAL_DRIFT
2645-2649,5,0.0164172522807367,0.004755813630317026,PSEUDO_DRIFT
2650-2654,5,0.15109737516636196,0.12000485765621462,REAL_DRIFT
2655-2659,5,0.24587393976634,0.2011074601202938,REAL_DRIFT
2660-2664,5,0.05943531364073164,0.04156741092739655,REAL_DRIFT
2665-2669,5,0.06452427209543846,0.04592215596642909,REAL_DRIFT
2670-2674,5,0.14858300786748296,0.11785325264341052,REAL_DRIFT
2675-2679,5,0.053063553962992394,0.036114941803605846,REAL_DRIFT
2680-2684,5,0.03184012539187288,0.017953539798867168,REAL_DRIFT
2685-2689,5,0.09730650804191737,0.07397470947554353,REAL_DRIFT
2690-2694,5,0.05449355504008655,0.037338628369670716,REAL_DRIFT
2695-2699,5,0.02233283647005253,0.009817922336977036,PSEUDO_DRIFT
2700-2704,5,0.16189835523368779,0.1292475179733514,REAL_DRIFT
2705-2709,5,0.13323190624061973,0.10471694307274841,REAL_DRIFT
2710-2714,5,0.01984205167074223,0.007686497440383122,PSEUDO_DRIFT
2715-2718,4,0.08158971726553291,0.060525470840146624,REAL_DRIFT
